origin_date,location,target,horizon,target_end_date,output_type,output_type_id,value
2017-12-16,HHS Region 1,ili perc,1,2017-12-23,quantile,0.01,1.0497293391530684
2017-12-16,HHS Region 1,ili perc,1,2017-12-23,quantile,0.025,1.1533489898253606
2017-12-16,HHS Region 1,ili perc,1,2017-12-23,quantile,0.05,1.2609196641885678
2017-12-16,HHS Region 1,ili perc,1,2017-12-23,quantile,0.1,1.3919937202305501
2017-12-16,HHS Region 1,ili perc,1,2017-12-23,quantile,0.15,1.4848149007464941
2017-12-16,HHS Region 1,ili perc,1,2017-12-23,quantile,0.2,1.566759990033675
2017-12-16,HHS Region 1,ili perc,1,2017-12-23,quantile,0.25,1.6381005827382322
2017-12-16,HHS Region 1,ili perc,1,2017-12-23,quantile,0.3,1.7164243642925516
2017-12-16,HHS Region 1,ili perc,1,2017-12-23,quantile,0.35,1.7954988671189112
2017-12-16,HHS Region 1,ili perc,1,2017-12-23,quantile,0.4,1.8599794524260365
2017-12-16,HHS Region 1,ili perc,1,2017-12-23,quantile,0.45,1.9284622285104502
2017-12-16,HHS Region 1,ili perc,1,2017-12-23,quantile,0.5,1.9897684621128997
2017-12-16,HHS Region 1,ili perc,1,2017-12-23,quantile,0.55,2.0627938641498282
2017-12-16,HHS Region 1,ili perc,1,2017-12-23,quantile,0.6,2.1399064713006615
2017-12-16,HHS Region 1,ili perc,1,2017-12-23,quantile,0.65,2.21556827174374
2017-12-16,HHS Region 1,ili perc,1,2017-12-23,quantile,0.7,2.2937939117439563
2017-12-16,HHS Region 1,ili perc,1,2017-12-23,quantile,0.75,2.3914647641314404
2017-12-16,HHS Region 1,ili perc,1,2017-12-23,quantile,0.8,2.5226157348684417
2017-12-16,HHS Region 1,ili perc,1,2017-12-23,quantile,0.85,2.6662331123650276
2017-12-16,HHS Region 1,ili perc,1,2017-12-23,quantile,0.9,2.8525852376915957
2017-12-16,HHS Region 1,ili perc,1,2017-12-23,quantile,0.95,3.139118699110331
2017-12-16,HHS Region 1,ili perc,1,2017-12-23,quantile,0.975,3.3896225302601497
2017-12-16,HHS Region 1,ili perc,1,2017-12-23,quantile,0.99,3.743398683878453
2017-12-16,HHS Region 1,ili perc,2,2017-12-30,quantile,0.01,0.8933035871334197
2017-12-16,HHS Region 1,ili perc,2,2017-12-30,quantile,0.025,1.0246233787361032
2017-12-16,HHS Region 1,ili perc,2,2017-12-30,quantile,0.05,1.15983632805927
2017-12-16,HHS Region 1,ili perc,2,2017-12-30,quantile,0.1,1.3242786719962765
2017-12-16,HHS Region 1,ili perc,2,2017-12-30,quantile,0.15,1.4469189921550214
2017-12-16,HHS Region 1,ili perc,2,2017-12-30,quantile,0.2,1.5531487526060972
2017-12-16,HHS Region 1,ili perc,2,2017-12-30,quantile,0.25,1.651209120429153
2017-12-16,HHS Region 1,ili perc,2,2017-12-30,quantile,0.3,1.760974180069558
2017-12-16,HHS Region 1,ili perc,2,2017-12-30,quantile,0.35,1.8730377474380135
2017-12-16,HHS Region 1,ili perc,2,2017-12-30,quantile,0.4,1.9852113966287592
2017-12-16,HHS Region 1,ili perc,2,2017-12-30,quantile,0.45,2.0813241737032158
2017-12-16,HHS Region 1,ili perc,2,2017-12-30,quantile,0.5,2.2026116224147567
2017-12-16,HHS Region 1,ili perc,2,2017-12-30,quantile,0.55,2.3156113590041247
2017-12-16,HHS Region 1,ili perc,2,2017-12-30,quantile,0.6,2.4097052777691648
2017-12-16,HHS Region 1,ili perc,2,2017-12-30,quantile,0.65,2.540827853889527
2017-12-16,HHS Region 1,ili perc,2,2017-12-30,quantile,0.7,2.6940966329165406
2017-12-16,HHS Region 1,ili perc,2,2017-12-30,quantile,0.75,2.8626572453067536
2017-12-16,HHS Region 1,ili perc,2,2017-12-30,quantile,0.8,3.050489169548925
2017-12-16,HHS Region 1,ili perc,2,2017-12-30,quantile,0.85,3.285575957929035
2017-12-16,HHS Region 1,ili perc,2,2017-12-30,quantile,0.9,3.660215564046111
2017-12-16,HHS Region 1,ili perc,2,2017-12-30,quantile,0.95,4.206853464093416
2017-12-16,HHS Region 1,ili perc,2,2017-12-30,quantile,0.975,4.731988378903512
2017-12-16,HHS Region 1,ili perc,2,2017-12-30,quantile,0.99,5.303867471279877
2017-12-16,HHS Region 1,ili perc,3,2018-01-06,quantile,0.01,0.7850761487044294
2017-12-16,HHS Region 1,ili perc,3,2018-01-06,quantile,0.025,0.9380864098279212
2017-12-16,HHS Region 1,ili perc,3,2018-01-06,quantile,0.05,1.0918066595717044
2017-12-16,HHS Region 1,ili perc,3,2018-01-06,quantile,0.1,1.2799574321053064
2017-12-16,HHS Region 1,ili perc,3,2018-01-06,quantile,0.15,1.4585071755879566
2017-12-16,HHS Region 1,ili perc,3,2018-01-06,quantile,0.2,1.5876351871832042
2017-12-16,HHS Region 1,ili perc,3,2018-01-06,quantile,0.25,1.7186409308296684
2017-12-16,HHS Region 1,ili perc,3,2018-01-06,quantile,0.3,1.8543146433936295
2017-12-16,HHS Region 1,ili perc,3,2018-01-06,quantile,0.35,1.9787461588470807
2017-12-16,HHS Region 1,ili perc,3,2018-01-06,quantile,0.4,2.114263018060643
2017-12-16,HHS Region 1,ili perc,3,2018-01-06,quantile,0.45,2.2304117664253744
2017-12-16,HHS Region 1,ili perc,3,2018-01-06,quantile,0.5,2.367946878816237
2017-12-16,HHS Region 1,ili perc,3,2018-01-06,quantile,0.55,2.5250094448374174
2017-12-16,HHS Region 1,ili perc,3,2018-01-06,quantile,0.6,2.680438562286991
2017-12-16,HHS Region 1,ili perc,3,2018-01-06,quantile,0.65,2.8605074460349558
2017-12-16,HHS Region 1,ili perc,3,2018-01-06,quantile,0.7,3.0791648712143465
2017-12-16,HHS Region 1,ili perc,3,2018-01-06,quantile,0.75,3.3118899671525064
2017-12-16,HHS Region 1,ili perc,3,2018-01-06,quantile,0.8,3.6051490857366773
2017-12-16,HHS Region 1,ili perc,3,2018-01-06,quantile,0.85,3.948775394854863
2017-12-16,HHS Region 1,ili perc,3,2018-01-06,quantile,0.9,4.4407489020492275
2017-12-16,HHS Region 1,ili perc,3,2018-01-06,quantile,0.95,5.288231606824638
2017-12-16,HHS Region 1,ili perc,3,2018-01-06,quantile,0.975,6.096740323308917
2017-12-16,HHS Region 1,ili perc,3,2018-01-06,quantile,0.99,7.223888717631012
2017-12-16,HHS Region 1,ili perc,4,2018-01-13,quantile,0.01,0.7009736463371888
2017-12-16,HHS Region 1,ili perc,4,2018-01-13,quantile,0.025,0.8430390053383217
2017-12-16,HHS Region 1,ili perc,4,2018-01-13,quantile,0.05,1.0221225223104768
2017-12-16,HHS Region 1,ili perc,4,2018-01-13,quantile,0.1,1.2577919720016846
2017-12-16,HHS Region 1,ili perc,4,2018-01-13,quantile,0.15,1.4680020839455539
2017-12-16,HHS Region 1,ili perc,4,2018-01-13,quantile,0.2,1.6397908824053722
2017-12-16,HHS Region 1,ili perc,4,2018-01-13,quantile,0.25,1.8229495811385674
2017-12-16,HHS Region 1,ili perc,4,2018-01-13,quantile,0.3,1.9806524071752758
2017-12-16,HHS Region 1,ili perc,4,2018-01-13,quantile,0.35,2.1633939384187086
2017-12-16,HHS Region 1,ili perc,4,2018-01-13,quantile,0.4,2.3276500392678
2017-12-16,HHS Region 1,ili perc,4,2018-01-13,quantile,0.45,2.472911166277724
2017-12-16,HHS Region 1,ili perc,4,2018-01-13,quantile,0.5,2.6595234169901456
2017-12-16,HHS Region 1,ili perc,4,2018-01-13,quantile,0.55,2.872316682217197
2017-12-16,HHS Region 1,ili perc,4,2018-01-13,quantile,0.6,3.0555271425069606
2017-12-16,HHS Region 1,ili perc,4,2018-01-13,quantile,0.65,3.27875114783125
2017-12-16,HHS Region 1,ili perc,4,2018-01-13,quantile,0.7,3.574499535757868
2017-12-16,HHS Region 1,ili perc,4,2018-01-13,quantile,0.75,3.896911493435625
2017-12-16,HHS Region 1,ili perc,4,2018-01-13,quantile,0.8,4.263451016443657
2017-12-16,HHS Region 1,ili perc,4,2018-01-13,quantile,0.85,4.756785172950603
2017-12-16,HHS Region 1,ili perc,4,2018-01-13,quantile,0.9,5.350217637347881
2017-12-16,HHS Region 1,ili perc,4,2018-01-13,quantile,0.95,6.602584712093157
2017-12-16,HHS Region 1,ili perc,4,2018-01-13,quantile,0.975,7.877978069938544
2017-12-16,HHS Region 1,ili perc,4,2018-01-13,quantile,0.99,10.072773758965008
2017-12-16,HHS Region 10,ili perc,1,2017-12-23,quantile,0.01,0.5876279146509544
2017-12-16,HHS Region 10,ili perc,1,2017-12-23,quantile,0.025,0.6545850304469298
2017-12-16,HHS Region 10,ili perc,1,2017-12-23,quantile,0.05,0.7217683056101359
2017-12-16,HHS Region 10,ili perc,1,2017-12-23,quantile,0.1,0.8451642832545023
2017-12-16,HHS Region 10,ili perc,1,2017-12-23,quantile,0.15,0.9245004625325713
2017-12-16,HHS Region 10,ili perc,1,2017-12-23,quantile,0.2,0.9987596537728337
2017-12-16,HHS Region 10,ili perc,1,2017-12-23,quantile,0.25,1.0555430821628533
2017-12-16,HHS Region 10,ili perc,1,2017-12-23,quantile,0.3,1.1164971108522164
2017-12-16,HHS Region 10,ili perc,1,2017-12-23,quantile,0.35,1.1812130122438933
2017-12-16,HHS Region 10,ili perc,1,2017-12-23,quantile,0.4,1.2393383751016787
2017-12-16,HHS Region 10,ili perc,1,2017-12-23,quantile,0.45,1.3099896024308075
2017-12-16,HHS Region 10,ili perc,1,2017-12-23,quantile,0.5,1.3782286609289105
2017-12-16,HHS Region 10,ili perc,1,2017-12-23,quantile,0.55,1.4502746844696068
2017-12-16,HHS Region 10,ili perc,1,2017-12-23,quantile,0.6,1.5223183725931348
2017-12-16,HHS Region 10,ili perc,1,2017-12-23,quantile,0.65,1.6109824741180576
2017-12-16,HHS Region 10,ili perc,1,2017-12-23,quantile,0.7,1.7001118395056365
2017-12-16,HHS Region 10,ili perc,1,2017-12-23,quantile,0.75,1.8006694906798617
2017-12-16,HHS Region 10,ili perc,1,2017-12-23,quantile,0.8,1.8925842652378801
2017-12-16,HHS Region 10,ili perc,1,2017-12-23,quantile,0.85,2.0382869094022538
2017-12-16,HHS Region 10,ili perc,1,2017-12-23,quantile,0.9,2.2478429554327692
2017-12-16,HHS Region 10,ili perc,1,2017-12-23,quantile,0.95,2.605801403241586
2017-12-16,HHS Region 10,ili perc,1,2017-12-23,quantile,0.975,3.00774215970286
2017-12-16,HHS Region 10,ili perc,1,2017-12-23,quantile,0.99,3.4374199363659352
2017-12-16,HHS Region 10,ili perc,2,2017-12-30,quantile,0.01,0.4120724293988678
2017-12-16,HHS Region 10,ili perc,2,2017-12-30,quantile,0.025,0.4955004026514338
2017-12-16,HHS Region 10,ili perc,2,2017-12-30,quantile,0.05,0.5791220488145439
2017-12-16,HHS Region 10,ili perc,2,2017-12-30,quantile,0.1,0.7170088120686797
2017-12-16,HHS Region 10,ili perc,2,2017-12-30,quantile,0.15,0.8238963663571055
2017-12-16,HHS Region 10,ili perc,2,2017-12-30,quantile,0.2,0.9178628805841843
2017-12-16,HHS Region 10,ili perc,2,2017-12-30,quantile,0.25,0.9997119462368695
2017-12-16,HHS Region 10,ili perc,2,2017-12-30,quantile,0.3,1.090011636120762
2017-12-16,HHS Region 10,ili perc,2,2017-12-30,quantile,0.35,1.1797255152749848
2017-12-16,HHS Region 10,ili perc,2,2017-12-30,quantile,0.4,1.2641512762469103
2017-12-16,HHS Region 10,ili perc,2,2017-12-30,quantile,0.45,1.3611468556778812
2017-12-16,HHS Region 10,ili perc,2,2017-12-30,quantile,0.5,1.4606870333945592
2017-12-16,HHS Region 10,ili perc,2,2017-12-30,quantile,0.55,1.5651344429432876
2017-12-16,HHS Region 10,ili perc,2,2017-12-30,quantile,0.6,1.6761229226191998
2017-12-16,HHS Region 10,ili perc,2,2017-12-30,quantile,0.65,1.7971130165378957
2017-12-16,HHS Region 10,ili perc,2,2017-12-30,quantile,0.7,1.9281480074186337
2017-12-16,HHS Region 10,ili perc,2,2017-12-30,quantile,0.75,2.1063482775038604
2017-12-16,HHS Region 10,ili perc,2,2017-12-30,quantile,0.8,2.293757760154813
2017-12-16,HHS Region 10,ili perc,2,2017-12-30,quantile,0.85,2.610342060881637
2017-12-16,HHS Region 10,ili perc,2,2017-12-30,quantile,0.9,2.953261418220109
2017-12-16,HHS Region 10,ili perc,2,2017-12-30,quantile,0.95,3.549285864896339
2017-12-16,HHS Region 10,ili perc,2,2017-12-30,quantile,0.975,4.31811218489929
2017-12-16,HHS Region 10,ili perc,2,2017-12-30,quantile,0.99,5.153157558999782
2017-12-16,HHS Region 10,ili perc,3,2018-01-06,quantile,0.01,0.32213576450698334
2017-12-16,HHS Region 10,ili perc,3,2018-01-06,quantile,0.025,0.4089694889356824
2017-12-16,HHS Region 10,ili perc,3,2018-01-06,quantile,0.05,0.5219437391369148
2017-12-16,HHS Region 10,ili perc,3,2018-01-06,quantile,0.1,0.6450418720342617
2017-12-16,HHS Region 10,ili perc,3,2018-01-06,quantile,0.15,0.7395003403291138
2017-12-16,HHS Region 10,ili perc,3,2018-01-06,quantile,0.2,0.863603797238025
2017-12-16,HHS Region 10,ili perc,3,2018-01-06,quantile,0.25,0.9746561319390143
2017-12-16,HHS Region 10,ili perc,3,2018-01-06,quantile,0.3,1.0872110742152175
2017-12-16,HHS Region 10,ili perc,3,2018-01-06,quantile,0.35,1.1907708695517178
2017-12-16,HHS Region 10,ili perc,3,2018-01-06,quantile,0.4,1.2907270545020229
2017-12-16,HHS Region 10,ili perc,3,2018-01-06,quantile,0.45,1.4124734530275909
2017-12-16,HHS Region 10,ili perc,3,2018-01-06,quantile,0.5,1.536804563359813
2017-12-16,HHS Region 10,ili perc,3,2018-01-06,quantile,0.55,1.6662543347146341
2017-12-16,HHS Region 10,ili perc,3,2018-01-06,quantile,0.6,1.8129319315352015
2017-12-16,HHS Region 10,ili perc,3,2018-01-06,quantile,0.65,1.9716649343315757
2017-12-16,HHS Region 10,ili perc,3,2018-01-06,quantile,0.7,2.1745192112039056
2017-12-16,HHS Region 10,ili perc,3,2018-01-06,quantile,0.75,2.3929053557190256
2017-12-16,HHS Region 10,ili perc,3,2018-01-06,quantile,0.8,2.709240684776483
2017-12-16,HHS Region 10,ili perc,3,2018-01-06,quantile,0.85,3.1222862422068878
2017-12-16,HHS Region 10,ili perc,3,2018-01-06,quantile,0.9,3.6393525723977636
2017-12-16,HHS Region 10,ili perc,3,2018-01-06,quantile,0.95,4.660081156924246
2017-12-16,HHS Region 10,ili perc,3,2018-01-06,quantile,0.975,5.655296030925104
2017-12-16,HHS Region 10,ili perc,3,2018-01-06,quantile,0.99,7.616416560574224
2017-12-16,HHS Region 10,ili perc,4,2018-01-13,quantile,0.01,0.27303671257581263
2017-12-16,HHS Region 10,ili perc,4,2018-01-13,quantile,0.025,0.33568102970051317
2017-12-16,HHS Region 10,ili perc,4,2018-01-13,quantile,0.05,0.44015275602699505
2017-12-16,HHS Region 10,ili perc,4,2018-01-13,quantile,0.1,0.5906478959660618
2017-12-16,HHS Region 10,ili perc,4,2018-01-13,quantile,0.15,0.7354148084438697
2017-12-16,HHS Region 10,ili perc,4,2018-01-13,quantile,0.2,0.8327361961588287
2017-12-16,HHS Region 10,ili perc,4,2018-01-13,quantile,0.25,0.9528112918802526
2017-12-16,HHS Region 10,ili perc,4,2018-01-13,quantile,0.3,1.0819240970897477
2017-12-16,HHS Region 10,ili perc,4,2018-01-13,quantile,0.35,1.202556917113902
2017-12-16,HHS Region 10,ili perc,4,2018-01-13,quantile,0.4,1.332571767099779
2017-12-16,HHS Region 10,ili perc,4,2018-01-13,quantile,0.45,1.4523821541119153
2017-12-16,HHS Region 10,ili perc,4,2018-01-13,quantile,0.5,1.6130449015046162
2017-12-16,HHS Region 10,ili perc,4,2018-01-13,quantile,0.55,1.7879096452615368
2017-12-16,HHS Region 10,ili perc,4,2018-01-13,quantile,0.6,2.0004419302397687
2017-12-16,HHS Region 10,ili perc,4,2018-01-13,quantile,0.65,2.1886870689179734
2017-12-16,HHS Region 10,ili perc,4,2018-01-13,quantile,0.7,2.4730665974436357
2017-12-16,HHS Region 10,ili perc,4,2018-01-13,quantile,0.75,2.784848738812901
2017-12-16,HHS Region 10,ili perc,4,2018-01-13,quantile,0.8,3.1820462689265456
2017-12-16,HHS Region 10,ili perc,4,2018-01-13,quantile,0.85,3.6297289576408227
2017-12-16,HHS Region 10,ili perc,4,2018-01-13,quantile,0.9,4.326891756177654
2017-12-16,HHS Region 10,ili perc,4,2018-01-13,quantile,0.95,5.864603923921479
2017-12-16,HHS Region 10,ili perc,4,2018-01-13,quantile,0.975,7.378210438053723
2017-12-16,HHS Region 10,ili perc,4,2018-01-13,quantile,0.99,9.655627550551765
2017-12-16,HHS Region 2,ili perc,1,2017-12-23,quantile,0.01,2.192942837818806
2017-12-16,HHS Region 2,ili perc,1,2017-12-23,quantile,0.025,2.3832946472757905
2017-12-16,HHS Region 2,ili perc,1,2017-12-23,quantile,0.05,2.5640636296048664
2017-12-16,HHS Region 2,ili perc,1,2017-12-23,quantile,0.1,2.8089206952226164
2017-12-16,HHS Region 2,ili perc,1,2017-12-23,quantile,0.15,3.002201762915936
2017-12-16,HHS Region 2,ili perc,1,2017-12-23,quantile,0.2,3.148808519199635
2017-12-16,HHS Region 2,ili perc,1,2017-12-23,quantile,0.25,3.29021248746018
2017-12-16,HHS Region 2,ili perc,1,2017-12-23,quantile,0.3,3.413388385650228
2017-12-16,HHS Region 2,ili perc,1,2017-12-23,quantile,0.35,3.5212116252307655
2017-12-16,HHS Region 2,ili perc,1,2017-12-23,quantile,0.4,3.652022094434603
2017-12-16,HHS Region 2,ili perc,1,2017-12-23,quantile,0.45,3.7616787669027736
2017-12-16,HHS Region 2,ili perc,1,2017-12-23,quantile,0.5,3.8757095486670146
2017-12-16,HHS Region 2,ili perc,1,2017-12-23,quantile,0.55,4.017291982701272
2017-12-16,HHS Region 2,ili perc,1,2017-12-23,quantile,0.6,4.132490689308849
2017-12-16,HHS Region 2,ili perc,1,2017-12-23,quantile,0.65,4.28056477612968
2017-12-16,HHS Region 2,ili perc,1,2017-12-23,quantile,0.7,4.428987476991091
2017-12-16,HHS Region 2,ili perc,1,2017-12-23,quantile,0.75,4.60467726925885
2017-12-16,HHS Region 2,ili perc,1,2017-12-23,quantile,0.8,4.818045452236181
2017-12-16,HHS Region 2,ili perc,1,2017-12-23,quantile,0.85,5.035118759347714
2017-12-16,HHS Region 2,ili perc,1,2017-12-23,quantile,0.9,5.331039908266455
2017-12-16,HHS Region 2,ili perc,1,2017-12-23,quantile,0.95,5.869260050691532
2017-12-16,HHS Region 2,ili perc,1,2017-12-23,quantile,0.975,6.269825651890322
2017-12-16,HHS Region 2,ili perc,1,2017-12-23,quantile,0.99,6.8233135069874535
2017-12-16,HHS Region 2,ili perc,2,2017-12-30,quantile,0.01,1.897805938521206
2017-12-16,HHS Region 2,ili perc,2,2017-12-30,quantile,0.025,2.0748223625843427
2017-12-16,HHS Region 2,ili perc,2,2017-12-30,quantile,0.05,2.314247816557285
2017-12-16,HHS Region 2,ili perc,2,2017-12-30,quantile,0.1,2.6892732055723703
2017-12-16,HHS Region 2,ili perc,2,2017-12-30,quantile,0.15,2.920274248615746
2017-12-16,HHS Region 2,ili perc,2,2017-12-30,quantile,0.2,3.1547733619680143
2017-12-16,HHS Region 2,ili perc,2,2017-12-30,quantile,0.25,3.3199406527567215
2017-12-16,HHS Region 2,ili perc,2,2017-12-30,quantile,0.3,3.5101340464701503
2017-12-16,HHS Region 2,ili perc,2,2017-12-30,quantile,0.35,3.6828832414636183
2017-12-16,HHS Region 2,ili perc,2,2017-12-30,quantile,0.4,3.852899151796281
2017-12-16,HHS Region 2,ili perc,2,2017-12-30,quantile,0.45,4.021074085251444
2017-12-16,HHS Region 2,ili perc,2,2017-12-30,quantile,0.5,4.190109095918405
2017-12-16,HHS Region 2,ili perc,2,2017-12-30,quantile,0.55,4.3682987533518265
2017-12-16,HHS Region 2,ili perc,2,2017-12-30,quantile,0.6,4.557646508009582
2017-12-16,HHS Region 2,ili perc,2,2017-12-30,quantile,0.65,4.763987835934425
2017-12-16,HHS Region 2,ili perc,2,2017-12-30,quantile,0.7,5.075482388440004
2017-12-16,HHS Region 2,ili perc,2,2017-12-30,quantile,0.75,5.350285490261317
2017-12-16,HHS Region 2,ili perc,2,2017-12-30,quantile,0.8,5.621129059338953
2017-12-16,HHS Region 2,ili perc,2,2017-12-30,quantile,0.85,6.006865006378822
2017-12-16,HHS Region 2,ili perc,2,2017-12-30,quantile,0.9,6.5657883804759365
2017-12-16,HHS Region 2,ili perc,2,2017-12-30,quantile,0.95,7.481002592036605
2017-12-16,HHS Region 2,ili perc,2,2017-12-30,quantile,0.975,8.303457891649096
2017-12-16,HHS Region 2,ili perc,2,2017-12-30,quantile,0.99,9.198474566086631
2017-12-16,HHS Region 2,ili perc,3,2018-01-06,quantile,0.01,1.672168183886895
2017-12-16,HHS Region 2,ili perc,3,2018-01-06,quantile,0.025,2.0063230556315794
2017-12-16,HHS Region 2,ili perc,3,2018-01-06,quantile,0.05,2.2964795853943523
2017-12-16,HHS Region 2,ili perc,3,2018-01-06,quantile,0.1,2.640049004813072
2017-12-16,HHS Region 2,ili perc,3,2018-01-06,quantile,0.15,2.9189232446717366
2017-12-16,HHS Region 2,ili perc,3,2018-01-06,quantile,0.2,3.1913976523965615
2017-12-16,HHS Region 2,ili perc,3,2018-01-06,quantile,0.25,3.4127737435091423
2017-12-16,HHS Region 2,ili perc,3,2018-01-06,quantile,0.3,3.6424756533982734
2017-12-16,HHS Region 2,ili perc,3,2018-01-06,quantile,0.35,3.8583117476488873
2017-12-16,HHS Region 2,ili perc,3,2018-01-06,quantile,0.4,4.040714771920526
2017-12-16,HHS Region 2,ili perc,3,2018-01-06,quantile,0.45,4.240689263489251
2017-12-16,HHS Region 2,ili perc,3,2018-01-06,quantile,0.5,4.4901553730573545
2017-12-16,HHS Region 2,ili perc,3,2018-01-06,quantile,0.55,4.7007016721828565
2017-12-16,HHS Region 2,ili perc,3,2018-01-06,quantile,0.6,4.969383347178361
2017-12-16,HHS Region 2,ili perc,3,2018-01-06,quantile,0.65,5.274272304442911
2017-12-16,HHS Region 2,ili perc,3,2018-01-06,quantile,0.7,5.624197509321473
2017-12-16,HHS Region 2,ili perc,3,2018-01-06,quantile,0.75,6.02072651591514
2017-12-16,HHS Region 2,ili perc,3,2018-01-06,quantile,0.8,6.4355115747253695
2017-12-16,HHS Region 2,ili perc,3,2018-01-06,quantile,0.85,7.033066648053776
2017-12-16,HHS Region 2,ili perc,3,2018-01-06,quantile,0.9,7.856385139065376
2017-12-16,HHS Region 2,ili perc,3,2018-01-06,quantile,0.95,9.11880865706705
2017-12-16,HHS Region 2,ili perc,3,2018-01-06,quantile,0.975,10.668674139829886
2017-12-16,HHS Region 2,ili perc,3,2018-01-06,quantile,0.99,11.848911601379397
2017-12-16,HHS Region 2,ili perc,4,2018-01-13,quantile,0.01,1.5058030646983294
2017-12-16,HHS Region 2,ili perc,4,2018-01-13,quantile,0.025,1.8641428664864998
2017-12-16,HHS Region 2,ili perc,4,2018-01-13,quantile,0.05,2.190545406713084
2017-12-16,HHS Region 2,ili perc,4,2018-01-13,quantile,0.1,2.552393907190335
2017-12-16,HHS Region 2,ili perc,4,2018-01-13,quantile,0.15,2.9014579737568655
2017-12-16,HHS Region 2,ili perc,4,2018-01-13,quantile,0.2,3.253590877198728
2017-12-16,HHS Region 2,ili perc,4,2018-01-13,quantile,0.25,3.489933411838162
2017-12-16,HHS Region 2,ili perc,4,2018-01-13,quantile,0.3,3.7689621609724813
2017-12-16,HHS Region 2,ili perc,4,2018-01-13,quantile,0.35,3.99730188642429
2017-12-16,HHS Region 2,ili perc,4,2018-01-13,quantile,0.4,4.266088069013703
2017-12-16,HHS Region 2,ili perc,4,2018-01-13,quantile,0.45,4.540473131405622
2017-12-16,HHS Region 2,ili perc,4,2018-01-13,quantile,0.5,4.835507177423156
2017-12-16,HHS Region 2,ili perc,4,2018-01-13,quantile,0.55,5.164134894190595
2017-12-16,HHS Region 2,ili perc,4,2018-01-13,quantile,0.6,5.519702961192626
2017-12-16,HHS Region 2,ili perc,4,2018-01-13,quantile,0.65,5.878260633416711
2017-12-16,HHS Region 2,ili perc,4,2018-01-13,quantile,0.7,6.273235165929937
2017-12-16,HHS Region 2,ili perc,4,2018-01-13,quantile,0.75,6.851311155823037
2017-12-16,HHS Region 2,ili perc,4,2018-01-13,quantile,0.8,7.454208349191804
2017-12-16,HHS Region 2,ili perc,4,2018-01-13,quantile,0.85,8.27467597583308
2017-12-16,HHS Region 2,ili perc,4,2018-01-13,quantile,0.9,9.401416711739014
2017-12-16,HHS Region 2,ili perc,4,2018-01-13,quantile,0.95,11.32589839911929
2017-12-16,HHS Region 2,ili perc,4,2018-01-13,quantile,0.975,13.09425272133912
2017-12-16,HHS Region 2,ili perc,4,2018-01-13,quantile,0.99,14.97045409788854
2017-12-16,HHS Region 3,ili perc,1,2017-12-23,quantile,0.01,1.1595774087350113
2017-12-16,HHS Region 3,ili perc,1,2017-12-23,quantile,0.025,1.2318087060249725
2017-12-16,HHS Region 3,ili perc,1,2017-12-23,quantile,0.05,1.3340376908647547
2017-12-16,HHS Region 3,ili perc,1,2017-12-23,quantile,0.1,1.458128810521305
2017-12-16,HHS Region 3,ili perc,1,2017-12-23,quantile,0.15,1.534919118886703
2017-12-16,HHS Region 3,ili perc,1,2017-12-23,quantile,0.2,1.5982582569105173
2017-12-16,HHS Region 3,ili perc,1,2017-12-23,quantile,0.25,1.6611107162411232
2017-12-16,HHS Region 3,ili perc,1,2017-12-23,quantile,0.3,1.7230319974837123
2017-12-16,HHS Region 3,ili perc,1,2017-12-23,quantile,0.35,1.7754210939976744
2017-12-16,HHS Region 3,ili perc,1,2017-12-23,quantile,0.4,1.8312464589751736
2017-12-16,HHS Region 3,ili perc,1,2017-12-23,quantile,0.45,1.8843998049866988
2017-12-16,HHS Region 3,ili perc,1,2017-12-23,quantile,0.5,1.9428404638020669
2017-12-16,HHS Region 3,ili perc,1,2017-12-23,quantile,0.55,2.000752114232852
2017-12-16,HHS Region 3,ili perc,1,2017-12-23,quantile,0.6,2.0590617312178137
2017-12-16,HHS Region 3,ili perc,1,2017-12-23,quantile,0.65,2.1218676449336122
2017-12-16,HHS Region 3,ili perc,1,2017-12-23,quantile,0.7,2.19054956198414
2017-12-16,HHS Region 3,ili perc,1,2017-12-23,quantile,0.75,2.2685130464140357
2017-12-16,HHS Region 3,ili perc,1,2017-12-23,quantile,0.8,2.35358819077857
2017-12-16,HHS Region 3,ili perc,1,2017-12-23,quantile,0.85,2.454719437450457
2017-12-16,HHS Region 3,ili perc,1,2017-12-23,quantile,0.9,2.5885228214459097
2017-12-16,HHS Region 3,ili perc,1,2017-12-23,quantile,0.95,2.8388842208656864
2017-12-16,HHS Region 3,ili perc,1,2017-12-23,quantile,0.975,3.0345072537243807
2017-12-16,HHS Region 3,ili perc,1,2017-12-23,quantile,0.99,3.29346286060201
2017-12-16,HHS Region 3,ili perc,2,2017-12-30,quantile,0.01,0.9954755584163673
2017-12-16,HHS Region 3,ili perc,2,2017-12-30,quantile,0.025,1.1092452862941011
2017-12-16,HHS Region 3,ili perc,2,2017-12-30,quantile,0.05,1.2305573751705168
2017-12-16,HHS Region 3,ili perc,2,2017-12-30,quantile,0.1,1.37973799003806
2017-12-16,HHS Region 3,ili perc,2,2017-12-30,quantile,0.15,1.4883914999849652
2017-12-16,HHS Region 3,ili perc,2,2017-12-30,quantile,0.2,1.5771466808317842
2017-12-16,HHS Region 3,ili perc,2,2017-12-30,quantile,0.25,1.6547386712609018
2017-12-16,HHS Region 3,ili perc,2,2017-12-30,quantile,0.3,1.7251316457371269
2017-12-16,HHS Region 3,ili perc,2,2017-12-30,quantile,0.35,1.801938518326419
2017-12-16,HHS Region 3,ili perc,2,2017-12-30,quantile,0.4,1.8803241342881853
2017-12-16,HHS Region 3,ili perc,2,2017-12-30,quantile,0.45,1.9499071525321243
2017-12-16,HHS Region 3,ili perc,2,2017-12-30,quantile,0.5,2.0334519342571644
2017-12-16,HHS Region 3,ili perc,2,2017-12-30,quantile,0.55,2.1163196118309133
2017-12-16,HHS Region 3,ili perc,2,2017-12-30,quantile,0.6,2.2151338724387104
2017-12-16,HHS Region 3,ili perc,2,2017-12-30,quantile,0.65,2.319106080615875
2017-12-16,HHS Region 3,ili perc,2,2017-12-30,quantile,0.7,2.42040174584368
2017-12-16,HHS Region 3,ili perc,2,2017-12-30,quantile,0.75,2.5306248768773147
2017-12-16,HHS Region 3,ili perc,2,2017-12-30,quantile,0.8,2.681338449656146
2017-12-16,HHS Region 3,ili perc,2,2017-12-30,quantile,0.85,2.8485164821185447
2017-12-16,HHS Region 3,ili perc,2,2017-12-30,quantile,0.9,3.0750633449568503
2017-12-16,HHS Region 3,ili perc,2,2017-12-30,quantile,0.95,3.4685124078634813
2017-12-16,HHS Region 3,ili perc,2,2017-12-30,quantile,0.975,3.8441351112864717
2017-12-16,HHS Region 3,ili perc,2,2017-12-30,quantile,0.99,4.241565819780557
2017-12-16,HHS Region 3,ili perc,3,2018-01-06,quantile,0.01,0.8757593291438783
2017-12-16,HHS Region 3,ili perc,3,2018-01-06,quantile,0.025,1.0314614768864354
2017-12-16,HHS Region 3,ili perc,3,2018-01-06,quantile,0.05,1.1555924911390727
2017-12-16,HHS Region 3,ili perc,3,2018-01-06,quantile,0.1,1.3340107156237984
2017-12-16,HHS Region 3,ili perc,3,2018-01-06,quantile,0.15,1.4664475038353468
2017-12-16,HHS Region 3,ili perc,3,2018-01-06,quantile,0.2,1.5733189868983621
2017-12-16,HHS Region 3,ili perc,3,2018-01-06,quantile,0.25,1.65919417080171
2017-12-16,HHS Region 3,ili perc,3,2018-01-06,quantile,0.3,1.7544341417412523
2017-12-16,HHS Region 3,ili perc,3,2018-01-06,quantile,0.35,1.86837889608847
2017-12-16,HHS Region 3,ili perc,3,2018-01-06,quantile,0.4,1.9855469950639817
2017-12-16,HHS Region 3,ili perc,3,2018-01-06,quantile,0.45,2.0812399359441742
2017-12-16,HHS Region 3,ili perc,3,2018-01-06,quantile,0.5,2.1856881265954122
2017-12-16,HHS Region 3,ili perc,3,2018-01-06,quantile,0.55,2.297092528082146
2017-12-16,HHS Region 3,ili perc,3,2018-01-06,quantile,0.6,2.4128674625407087
2017-12-16,HHS Region 3,ili perc,3,2018-01-06,quantile,0.65,2.5356656285803765
2017-12-16,HHS Region 3,ili perc,3,2018-01-06,quantile,0.7,2.672310471806614
2017-12-16,HHS Region 3,ili perc,3,2018-01-06,quantile,0.75,2.847585494542074
2017-12-16,HHS Region 3,ili perc,3,2018-01-06,quantile,0.8,3.045984078828497
2017-12-16,HHS Region 3,ili perc,3,2018-01-06,quantile,0.85,3.2545121495468203
2017-12-16,HHS Region 3,ili perc,3,2018-01-06,quantile,0.9,3.5341377623050887
2017-12-16,HHS Region 3,ili perc,3,2018-01-06,quantile,0.95,4.033631308770956
2017-12-16,HHS Region 3,ili perc,3,2018-01-06,quantile,0.975,4.672718410655596
2017-12-16,HHS Region 3,ili perc,3,2018-01-06,quantile,0.99,5.372690168084918
2017-12-16,HHS Region 3,ili perc,4,2018-01-13,quantile,0.01,0.8190342011191593
2017-12-16,HHS Region 3,ili perc,4,2018-01-13,quantile,0.025,0.9309269932721594
2017-12-16,HHS Region 3,ili perc,4,2018-01-13,quantile,0.05,1.0714610797296595
2017-12-16,HHS Region 3,ili perc,4,2018-01-13,quantile,0.1,1.2801013382476856
2017-12-16,HHS Region 3,ili perc,4,2018-01-13,quantile,0.15,1.449562409493946
2017-12-16,HHS Region 3,ili perc,4,2018-01-13,quantile,0.2,1.5650076013759806
2017-12-16,HHS Region 3,ili perc,4,2018-01-13,quantile,0.25,1.6837334759571325
2017-12-16,HHS Region 3,ili perc,4,2018-01-13,quantile,0.3,1.8129895184416551
2017-12-16,HHS Region 3,ili perc,4,2018-01-13,quantile,0.35,1.9397533582292086
2017-12-16,HHS Region 3,ili perc,4,2018-01-13,quantile,0.4,2.051298181401667
2017-12-16,HHS Region 3,ili perc,4,2018-01-13,quantile,0.45,2.1741556192448837
2017-12-16,HHS Region 3,ili perc,4,2018-01-13,quantile,0.5,2.314816786916085
2017-12-16,HHS Region 3,ili perc,4,2018-01-13,quantile,0.55,2.4404265593412724
2017-12-16,HHS Region 3,ili perc,4,2018-01-13,quantile,0.6,2.5581462362196357
2017-12-16,HHS Region 3,ili perc,4,2018-01-13,quantile,0.65,2.7354398789660936
2017-12-16,HHS Region 3,ili perc,4,2018-01-13,quantile,0.7,2.9052949125822614
2017-12-16,HHS Region 3,ili perc,4,2018-01-13,quantile,0.75,3.1025553647605006
2017-12-16,HHS Region 3,ili perc,4,2018-01-13,quantile,0.8,3.322940851875573
2017-12-16,HHS Region 3,ili perc,4,2018-01-13,quantile,0.85,3.6306939499670445
2017-12-16,HHS Region 3,ili perc,4,2018-01-13,quantile,0.9,4.091577084729153
2017-12-16,HHS Region 3,ili perc,4,2018-01-13,quantile,0.95,4.749736606626351
2017-12-16,HHS Region 3,ili perc,4,2018-01-13,quantile,0.975,5.455257460726517
2017-12-16,HHS Region 3,ili perc,4,2018-01-13,quantile,0.99,6.70543683445311
2017-12-16,HHS Region 4,ili perc,1,2017-12-23,quantile,0.01,2.2619102738965524
2017-12-16,HHS Region 4,ili perc,1,2017-12-23,quantile,0.025,2.4061756308187383
2017-12-16,HHS Region 4,ili perc,1,2017-12-23,quantile,0.05,2.535232668801975
2017-12-16,HHS Region 4,ili perc,1,2017-12-23,quantile,0.1,2.7264630115547455
2017-12-16,HHS Region 4,ili perc,1,2017-12-23,quantile,0.15,2.8450947151990666
2017-12-16,HHS Region 4,ili perc,1,2017-12-23,quantile,0.2,2.9450665282012034
2017-12-16,HHS Region 4,ili perc,1,2017-12-23,quantile,0.25,3.0369839396785037
2017-12-16,HHS Region 4,ili perc,1,2017-12-23,quantile,0.3,3.1098294186510933
2017-12-16,HHS Region 4,ili perc,1,2017-12-23,quantile,0.35,3.191283006542142
2017-12-16,HHS Region 4,ili perc,1,2017-12-23,quantile,0.4,3.2651636398810404
2017-12-16,HHS Region 4,ili perc,1,2017-12-23,quantile,0.45,3.3382077286012866
2017-12-16,HHS Region 4,ili perc,1,2017-12-23,quantile,0.5,3.4068136216720055
2017-12-16,HHS Region 4,ili perc,1,2017-12-23,quantile,0.55,3.484140861185148
2017-12-16,HHS Region 4,ili perc,1,2017-12-23,quantile,0.6,3.5752771841314357
2017-12-16,HHS Region 4,ili perc,1,2017-12-23,quantile,0.65,3.659196296817242
2017-12-16,HHS Region 4,ili perc,1,2017-12-23,quantile,0.7,3.755547870777694
2017-12-16,HHS Region 4,ili perc,1,2017-12-23,quantile,0.75,3.841629123352573
2017-12-16,HHS Region 4,ili perc,1,2017-12-23,quantile,0.8,3.958969522698495
2017-12-16,HHS Region 4,ili perc,1,2017-12-23,quantile,0.85,4.091354132462715
2017-12-16,HHS Region 4,ili perc,1,2017-12-23,quantile,0.9,4.252336541772804
2017-12-16,HHS Region 4,ili perc,1,2017-12-23,quantile,0.95,4.5606441284486845
2017-12-16,HHS Region 4,ili perc,1,2017-12-23,quantile,0.975,4.797904740902592
2017-12-16,HHS Region 4,ili perc,1,2017-12-23,quantile,0.99,5.091997127813837
2017-12-16,HHS Region 4,ili perc,2,2017-12-30,quantile,0.01,2.121360453840441
2017-12-16,HHS Region 4,ili perc,2,2017-12-30,quantile,0.025,2.326154900098339
2017-12-16,HHS Region 4,ili perc,2,2017-12-30,quantile,0.05,2.5021209927145143
2017-12-16,HHS Region 4,ili perc,2,2017-12-30,quantile,0.1,2.7463627727179447
2017-12-16,HHS Region 4,ili perc,2,2017-12-30,quantile,0.15,2.917447639194495
2017-12-16,HHS Region 4,ili perc,2,2017-12-30,quantile,0.2,3.080602343018467
2017-12-16,HHS Region 4,ili perc,2,2017-12-30,quantile,0.25,3.1974964006291056
2017-12-16,HHS Region 4,ili perc,2,2017-12-30,quantile,0.3,3.302958169779757
2017-12-16,HHS Region 4,ili perc,2,2017-12-30,quantile,0.35,3.4122237072673554
2017-12-16,HHS Region 4,ili perc,2,2017-12-30,quantile,0.4,3.545916908879578
2017-12-16,HHS Region 4,ili perc,2,2017-12-30,quantile,0.45,3.6529738315573215
2017-12-16,HHS Region 4,ili perc,2,2017-12-30,quantile,0.5,3.759173981618016
2017-12-16,HHS Region 4,ili perc,2,2017-12-30,quantile,0.55,3.8721989594628834
2017-12-16,HHS Region 4,ili perc,2,2017-12-30,quantile,0.6,4.018271726547109
2017-12-16,HHS Region 4,ili perc,2,2017-12-30,quantile,0.65,4.154239954953045
2017-12-16,HHS Region 4,ili perc,2,2017-12-30,quantile,0.7,4.292050295567899
2017-12-16,HHS Region 4,ili perc,2,2017-12-30,quantile,0.75,4.454583356505825
2017-12-16,HHS Region 4,ili perc,2,2017-12-30,quantile,0.8,4.633968159554801
2017-12-16,HHS Region 4,ili perc,2,2017-12-30,quantile,0.85,4.885737441624519
2017-12-16,HHS Region 4,ili perc,2,2017-12-30,quantile,0.9,5.223942548402288
2017-12-16,HHS Region 4,ili perc,2,2017-12-30,quantile,0.95,5.708422881470307
2017-12-16,HHS Region 4,ili perc,2,2017-12-30,quantile,0.975,6.040710993765001
2017-12-16,HHS Region 4,ili perc,2,2017-12-30,quantile,0.99,6.503794432238646
2017-12-16,HHS Region 4,ili perc,3,2018-01-06,quantile,0.01,1.9777637799355223
2017-12-16,HHS Region 4,ili perc,3,2018-01-06,quantile,0.025,2.242519968010629
2017-12-16,HHS Region 4,ili perc,3,2018-01-06,quantile,0.05,2.493344617873654
2017-12-16,HHS Region 4,ili perc,3,2018-01-06,quantile,0.1,2.8314192344790605
2017-12-16,HHS Region 4,ili perc,3,2018-01-06,quantile,0.15,3.0537199091327474
2017-12-16,HHS Region 4,ili perc,3,2018-01-06,quantile,0.2,3.255016486446513
2017-12-16,HHS Region 4,ili perc,3,2018-01-06,quantile,0.25,3.4187634279427392
2017-12-16,HHS Region 4,ili perc,3,2018-01-06,quantile,0.3,3.571434010481307
2017-12-16,HHS Region 4,ili perc,3,2018-01-06,quantile,0.35,3.7251450150847694
2017-12-16,HHS Region 4,ili perc,3,2018-01-06,quantile,0.4,3.884582226954943
2017-12-16,HHS Region 4,ili perc,3,2018-01-06,quantile,0.45,4.035476804400377
2017-12-16,HHS Region 4,ili perc,3,2018-01-06,quantile,0.5,4.1802646284886515
2017-12-16,HHS Region 4,ili perc,3,2018-01-06,quantile,0.55,4.3300490214898835
2017-12-16,HHS Region 4,ili perc,3,2018-01-06,quantile,0.6,4.489049313541042
2017-12-16,HHS Region 4,ili perc,3,2018-01-06,quantile,0.65,4.67529416401879
2017-12-16,HHS Region 4,ili perc,3,2018-01-06,quantile,0.7,4.8959684097148415
2017-12-16,HHS Region 4,ili perc,3,2018-01-06,quantile,0.75,5.10601871474405
2017-12-16,HHS Region 4,ili perc,3,2018-01-06,quantile,0.8,5.376098446429388
2017-12-16,HHS Region 4,ili perc,3,2018-01-06,quantile,0.85,5.70769860981957
2017-12-16,HHS Region 4,ili perc,3,2018-01-06,quantile,0.9,6.175280549268056
2017-12-16,HHS Region 4,ili perc,3,2018-01-06,quantile,0.95,6.886737938245133
2017-12-16,HHS Region 4,ili perc,3,2018-01-06,quantile,0.975,7.694898792037676
2017-12-16,HHS Region 4,ili perc,3,2018-01-06,quantile,0.99,8.40721856162524
2017-12-16,HHS Region 4,ili perc,4,2018-01-13,quantile,0.01,1.9201500588825153
2017-12-16,HHS Region 4,ili perc,4,2018-01-13,quantile,0.025,2.3103708691809737
2017-12-16,HHS Region 4,ili perc,4,2018-01-13,quantile,0.05,2.558830522208021
2017-12-16,HHS Region 4,ili perc,4,2018-01-13,quantile,0.1,2.9195190987335646
2017-12-16,HHS Region 4,ili perc,4,2018-01-13,quantile,0.15,3.218223041859499
2017-12-16,HHS Region 4,ili perc,4,2018-01-13,quantile,0.2,3.425496360973724
2017-12-16,HHS Region 4,ili perc,4,2018-01-13,quantile,0.25,3.6469972727996907
2017-12-16,HHS Region 4,ili perc,4,2018-01-13,quantile,0.3,3.810156488714163
2017-12-16,HHS Region 4,ili perc,4,2018-01-13,quantile,0.35,4.0195851211414135
2017-12-16,HHS Region 4,ili perc,4,2018-01-13,quantile,0.4,4.199451483813543
2017-12-16,HHS Region 4,ili perc,4,2018-01-13,quantile,0.45,4.386031901725257
2017-12-16,HHS Region 4,ili perc,4,2018-01-13,quantile,0.5,4.545966314094265
2017-12-16,HHS Region 4,ili perc,4,2018-01-13,quantile,0.55,4.7780013731923585
2017-12-16,HHS Region 4,ili perc,4,2018-01-13,quantile,0.6,5.005189383700901
2017-12-16,HHS Region 4,ili perc,4,2018-01-13,quantile,0.65,5.205387930580011
2017-12-16,HHS Region 4,ili perc,4,2018-01-13,quantile,0.7,5.464727875642055
2017-12-16,HHS Region 4,ili perc,4,2018-01-13,quantile,0.75,5.779927371096298
2017-12-16,HHS Region 4,ili perc,4,2018-01-13,quantile,0.8,6.155622647480057
2017-12-16,HHS Region 4,ili perc,4,2018-01-13,quantile,0.85,6.626081824826345
2017-12-16,HHS Region 4,ili perc,4,2018-01-13,quantile,0.9,7.2038270746447735
2017-12-16,HHS Region 4,ili perc,4,2018-01-13,quantile,0.95,8.232426886549067
2017-12-16,HHS Region 4,ili perc,4,2018-01-13,quantile,0.975,9.127168673202563
2017-12-16,HHS Region 4,ili perc,4,2018-01-13,quantile,0.99,9.959467557146565
2017-12-16,HHS Region 5,ili perc,1,2017-12-23,quantile,0.01,1.6016149444859031
2017-12-16,HHS Region 5,ili perc,1,2017-12-23,quantile,0.025,1.7120550737408795
2017-12-16,HHS Region 5,ili perc,1,2017-12-23,quantile,0.05,1.8026000982644308
2017-12-16,HHS Region 5,ili perc,1,2017-12-23,quantile,0.1,1.940428471435883
2017-12-16,HHS Region 5,ili perc,1,2017-12-23,quantile,0.15,2.0359122709234683
2017-12-16,HHS Region 5,ili perc,1,2017-12-23,quantile,0.2,2.1083337052006415
2017-12-16,HHS Region 5,ili perc,1,2017-12-23,quantile,0.25,2.1667591406056315
2017-12-16,HHS Region 5,ili perc,1,2017-12-23,quantile,0.3,2.2340728769129568
2017-12-16,HHS Region 5,ili perc,1,2017-12-23,quantile,0.35,2.2967203038744453
2017-12-16,HHS Region 5,ili perc,1,2017-12-23,quantile,0.4,2.34890232815161
2017-12-16,HHS Region 5,ili perc,1,2017-12-23,quantile,0.45,2.4060138873843506
2017-12-16,HHS Region 5,ili perc,1,2017-12-23,quantile,0.5,2.4601477054940535
2017-12-16,HHS Region 5,ili perc,1,2017-12-23,quantile,0.55,2.52384550193402
2017-12-16,HHS Region 5,ili perc,1,2017-12-23,quantile,0.6,2.585645425148154
2017-12-16,HHS Region 5,ili perc,1,2017-12-23,quantile,0.65,2.652854384697043
2017-12-16,HHS Region 5,ili perc,1,2017-12-23,quantile,0.7,2.7237264156415275
2017-12-16,HHS Region 5,ili perc,1,2017-12-23,quantile,0.75,2.803692159485507
2017-12-16,HHS Region 5,ili perc,1,2017-12-23,quantile,0.8,2.8891360047716095
2017-12-16,HHS Region 5,ili perc,1,2017-12-23,quantile,0.85,3.0042702991553636
2017-12-16,HHS Region 5,ili perc,1,2017-12-23,quantile,0.9,3.1390428161298893
2017-12-16,HHS Region 5,ili perc,1,2017-12-23,quantile,0.95,3.361772831648878
2017-12-16,HHS Region 5,ili perc,1,2017-12-23,quantile,0.975,3.541568702072647
2017-12-16,HHS Region 5,ili perc,1,2017-12-23,quantile,0.99,3.736736885167966
2017-12-16,HHS Region 5,ili perc,2,2017-12-30,quantile,0.01,1.5257242981423242
2017-12-16,HHS Region 5,ili perc,2,2017-12-30,quantile,0.025,1.6825205050429055
2017-12-16,HHS Region 5,ili perc,2,2017-12-30,quantile,0.05,1.8067720040816821
2017-12-16,HHS Region 5,ili perc,2,2017-12-30,quantile,0.1,1.9784806638852426
2017-12-16,HHS Region 5,ili perc,2,2017-12-30,quantile,0.15,2.10640763494744
2017-12-16,HHS Region 5,ili perc,2,2017-12-30,quantile,0.2,2.2176369186554443
2017-12-16,HHS Region 5,ili perc,2,2017-12-30,quantile,0.25,2.338890609413037
2017-12-16,HHS Region 5,ili perc,2,2017-12-30,quantile,0.3,2.4279914459109833
2017-12-16,HHS Region 5,ili perc,2,2017-12-30,quantile,0.35,2.521194901066557
2017-12-16,HHS Region 5,ili perc,2,2017-12-30,quantile,0.4,2.612193956761247
2017-12-16,HHS Region 5,ili perc,2,2017-12-30,quantile,0.45,2.687060231055101
2017-12-16,HHS Region 5,ili perc,2,2017-12-30,quantile,0.5,2.7789932430835282
2017-12-16,HHS Region 5,ili perc,2,2017-12-30,quantile,0.55,2.862206136062576
2017-12-16,HHS Region 5,ili perc,2,2017-12-30,quantile,0.6,2.9618132170681153
2017-12-16,HHS Region 5,ili perc,2,2017-12-30,quantile,0.65,3.0698810855019785
2017-12-16,HHS Region 5,ili perc,2,2017-12-30,quantile,0.7,3.18415468093963
2017-12-16,HHS Region 5,ili perc,2,2017-12-30,quantile,0.75,3.3134312597936058
2017-12-16,HHS Region 5,ili perc,2,2017-12-30,quantile,0.8,3.4795024783606703
2017-12-16,HHS Region 5,ili perc,2,2017-12-30,quantile,0.85,3.6631820376123474
2017-12-16,HHS Region 5,ili perc,2,2017-12-30,quantile,0.9,3.914457046071904
2017-12-16,HHS Region 5,ili perc,2,2017-12-30,quantile,0.95,4.3024142859802685
2017-12-16,HHS Region 5,ili perc,2,2017-12-30,quantile,0.975,4.6619530802533244
2017-12-16,HHS Region 5,ili perc,2,2017-12-30,quantile,0.99,5.119682321085354
2017-12-16,HHS Region 5,ili perc,3,2018-01-06,quantile,0.01,1.483139689951344
2017-12-16,HHS Region 5,ili perc,3,2018-01-06,quantile,0.025,1.6702987898808406
2017-12-16,HHS Region 5,ili perc,3,2018-01-06,quantile,0.05,1.8362664076022044
2017-12-16,HHS Region 5,ili perc,3,2018-01-06,quantile,0.1,2.0831170729723696
2017-12-16,HHS Region 5,ili perc,3,2018-01-06,quantile,0.15,2.2639064937616937
2017-12-16,HHS Region 5,ili perc,3,2018-01-06,quantile,0.2,2.4054875025130067
2017-12-16,HHS Region 5,ili perc,3,2018-01-06,quantile,0.25,2.5338730002276364
2017-12-16,HHS Region 5,ili perc,3,2018-01-06,quantile,0.3,2.656723368479724
2017-12-16,HHS Region 5,ili perc,3,2018-01-06,quantile,0.35,2.7819507370148164
2017-12-16,HHS Region 5,ili perc,3,2018-01-06,quantile,0.4,2.9061678612772264
2017-12-16,HHS Region 5,ili perc,3,2018-01-06,quantile,0.45,3.0106578460338165
2017-12-16,HHS Region 5,ili perc,3,2018-01-06,quantile,0.5,3.153305111719019
2017-12-16,HHS Region 5,ili perc,3,2018-01-06,quantile,0.55,3.280348747805119
2017-12-16,HHS Region 5,ili perc,3,2018-01-06,quantile,0.6,3.3927683750083824
2017-12-16,HHS Region 5,ili perc,3,2018-01-06,quantile,0.65,3.512048005308568
2017-12-16,HHS Region 5,ili perc,3,2018-01-06,quantile,0.7,3.6877823617142202
2017-12-16,HHS Region 5,ili perc,3,2018-01-06,quantile,0.75,3.8809988079711606
2017-12-16,HHS Region 5,ili perc,3,2018-01-06,quantile,0.8,4.104049172238968
2017-12-16,HHS Region 5,ili perc,3,2018-01-06,quantile,0.85,4.360646114595747
2017-12-16,HHS Region 5,ili perc,3,2018-01-06,quantile,0.9,4.719799656732283
2017-12-16,HHS Region 5,ili perc,3,2018-01-06,quantile,0.95,5.3314749921714695
2017-12-16,HHS Region 5,ili perc,3,2018-01-06,quantile,0.975,5.939288484545497
2017-12-16,HHS Region 5,ili perc,3,2018-01-06,quantile,0.99,6.462483685452558
2017-12-16,HHS Region 5,ili perc,4,2018-01-13,quantile,0.01,1.547598523816764
2017-12-16,HHS Region 5,ili perc,4,2018-01-13,quantile,0.025,1.7072055918914713
2017-12-16,HHS Region 5,ili perc,4,2018-01-13,quantile,0.05,1.9041991547324646
2017-12-16,HHS Region 5,ili perc,4,2018-01-13,quantile,0.1,2.2255492597349504
2017-12-16,HHS Region 5,ili perc,4,2018-01-13,quantile,0.15,2.4443892547168224
2017-12-16,HHS Region 5,ili perc,4,2018-01-13,quantile,0.2,2.603584935359316
2017-12-16,HHS Region 5,ili perc,4,2018-01-13,quantile,0.25,2.7415980046825874
2017-12-16,HHS Region 5,ili perc,4,2018-01-13,quantile,0.3,2.9123725229551063
2017-12-16,HHS Region 5,ili perc,4,2018-01-13,quantile,0.35,3.0837310837687344
2017-12-16,HHS Region 5,ili perc,4,2018-01-13,quantile,0.4,3.2415311583955155
2017-12-16,HHS Region 5,ili perc,4,2018-01-13,quantile,0.45,3.407313314434731
2017-12-16,HHS Region 5,ili perc,4,2018-01-13,quantile,0.5,3.5903521128206415
2017-12-16,HHS Region 5,ili perc,4,2018-01-13,quantile,0.55,3.7429464415723954
2017-12-16,HHS Region 5,ili perc,4,2018-01-13,quantile,0.6,3.907549693752372
2017-12-16,HHS Region 5,ili perc,4,2018-01-13,quantile,0.65,4.091457970698932
2017-12-16,HHS Region 5,ili perc,4,2018-01-13,quantile,0.7,4.291228713896273
2017-12-16,HHS Region 5,ili perc,4,2018-01-13,quantile,0.75,4.529063237314502
2017-12-16,HHS Region 5,ili perc,4,2018-01-13,quantile,0.8,4.817774296820088
2017-12-16,HHS Region 5,ili perc,4,2018-01-13,quantile,0.85,5.1621926635747135
2017-12-16,HHS Region 5,ili perc,4,2018-01-13,quantile,0.9,5.695520129226724
2017-12-16,HHS Region 5,ili perc,4,2018-01-13,quantile,0.95,6.486195414961552
2017-12-16,HHS Region 5,ili perc,4,2018-01-13,quantile,0.975,7.233924058107529
2017-12-16,HHS Region 5,ili perc,4,2018-01-13,quantile,0.99,7.982435617367783
2017-12-16,HHS Region 6,ili perc,1,2017-12-23,quantile,0.01,5.93064659398255
2017-12-16,HHS Region 6,ili perc,1,2017-12-23,quantile,0.025,6.361827287458784
2017-12-16,HHS Region 6,ili perc,1,2017-12-23,quantile,0.05,6.838083213294186
2017-12-16,HHS Region 6,ili perc,1,2017-12-23,quantile,0.1,7.3873932890743115
2017-12-16,HHS Region 6,ili perc,1,2017-12-23,quantile,0.15,7.80998096319469
2017-12-16,HHS Region 6,ili perc,1,2017-12-23,quantile,0.2,8.12280637035975
2017-12-16,HHS Region 6,ili perc,1,2017-12-23,quantile,0.25,8.47730250315514
2017-12-16,HHS Region 6,ili perc,1,2017-12-23,quantile,0.3,8.791872796338534
2017-12-16,HHS Region 6,ili perc,1,2017-12-23,quantile,0.35,9.060263157364943
2017-12-16,HHS Region 6,ili perc,1,2017-12-23,quantile,0.4,9.3082518520928
2017-12-16,HHS Region 6,ili perc,1,2017-12-23,quantile,0.45,9.597240302074344
2017-12-16,HHS Region 6,ili perc,1,2017-12-23,quantile,0.5,9.872337707935296
2017-12-16,HHS Region 6,ili perc,1,2017-12-23,quantile,0.55,10.117994568277387
2017-12-16,HHS Region 6,ili perc,1,2017-12-23,quantile,0.6,10.399116590962379
2017-12-16,HHS Region 6,ili perc,1,2017-12-23,quantile,0.65,10.679461462943864
2017-12-16,HHS Region 6,ili perc,1,2017-12-23,quantile,0.7,11.002868136045311
2017-12-16,HHS Region 6,ili perc,1,2017-12-23,quantile,0.75,11.338580190220116
2017-12-16,HHS Region 6,ili perc,1,2017-12-23,quantile,0.8,11.777226579539951
2017-12-16,HHS Region 6,ili perc,1,2017-12-23,quantile,0.85,12.249153157067028
2017-12-16,HHS Region 6,ili perc,1,2017-12-23,quantile,0.9,12.991703099386747
2017-12-16,HHS Region 6,ili perc,1,2017-12-23,quantile,0.95,14.02040678191033
2017-12-16,HHS Region 6,ili perc,1,2017-12-23,quantile,0.975,15.015915090266745
2017-12-16,HHS Region 6,ili perc,1,2017-12-23,quantile,0.99,16.2143252168056
2017-12-16,HHS Region 6,ili perc,2,2017-12-30,quantile,0.01,5.673015316405742
2017-12-16,HHS Region 6,ili perc,2,2017-12-30,quantile,0.025,6.4497859545562815
2017-12-16,HHS Region 6,ili perc,2,2017-12-30,quantile,0.05,7.1856649605465055
2017-12-16,HHS Region 6,ili perc,2,2017-12-30,quantile,0.1,8.008619291592167
2017-12-16,HHS Region 6,ili perc,2,2017-12-30,quantile,0.15,8.66860773055283
2017-12-16,HHS Region 6,ili perc,2,2017-12-30,quantile,0.2,9.239961454477054
2017-12-16,HHS Region 6,ili perc,2,2017-12-30,quantile,0.25,9.785475011136933
2017-12-16,HHS Region 6,ili perc,2,2017-12-30,quantile,0.3,10.292115265066897
2017-12-16,HHS Region 6,ili perc,2,2017-12-30,quantile,0.35,10.764266668095184
2017-12-16,HHS Region 6,ili perc,2,2017-12-30,quantile,0.4,11.266123360367382
2017-12-16,HHS Region 6,ili perc,2,2017-12-30,quantile,0.45,11.668985725253696
2017-12-16,HHS Region 6,ili perc,2,2017-12-30,quantile,0.5,12.11875611963984
2017-12-16,HHS Region 6,ili perc,2,2017-12-30,quantile,0.55,12.545643784951967
2017-12-16,HHS Region 6,ili perc,2,2017-12-30,quantile,0.6,13.00523818412948
2017-12-16,HHS Region 6,ili perc,2,2017-12-30,quantile,0.65,13.588708598926406
2017-12-16,HHS Region 6,ili perc,2,2017-12-30,quantile,0.7,14.186251392736821
2017-12-16,HHS Region 6,ili perc,2,2017-12-30,quantile,0.75,14.835617657593767
2017-12-16,HHS Region 6,ili perc,2,2017-12-30,quantile,0.8,15.54656237625482
2017-12-16,HHS Region 6,ili perc,2,2017-12-30,quantile,0.85,16.537755238588396
2017-12-16,HHS Region 6,ili perc,2,2017-12-30,quantile,0.9,17.82438195751316
2017-12-16,HHS Region 6,ili perc,2,2017-12-30,quantile,0.95,19.631273985720917
2017-12-16,HHS Region 6,ili perc,2,2017-12-30,quantile,0.975,21.48085466235198
2017-12-16,HHS Region 6,ili perc,2,2017-12-30,quantile,0.99,23.82676908847402
2017-12-16,HHS Region 6,ili perc,3,2018-01-06,quantile,0.01,5.889425912033058
2017-12-16,HHS Region 6,ili perc,3,2018-01-06,quantile,0.025,6.782488937912031
2017-12-16,HHS Region 6,ili perc,3,2018-01-06,quantile,0.05,7.838380908180181
2017-12-16,HHS Region 6,ili perc,3,2018-01-06,quantile,0.1,9.03736135047523
2017-12-16,HHS Region 6,ili perc,3,2018-01-06,quantile,0.15,9.91068014871292
2017-12-16,HHS Region 6,ili perc,3,2018-01-06,quantile,0.2,10.628780441866004
2017-12-16,HHS Region 6,ili perc,3,2018-01-06,quantile,0.25,11.47460054367857
2017-12-16,HHS Region 6,ili perc,3,2018-01-06,quantile,0.3,12.133507156764272
2017-12-16,HHS Region 6,ili perc,3,2018-01-06,quantile,0.35,12.805122174180848
2017-12-16,HHS Region 6,ili perc,3,2018-01-06,quantile,0.4,13.45540447884682
2017-12-16,HHS Region 6,ili perc,3,2018-01-06,quantile,0.45,14.099117751627466
2017-12-16,HHS Region 6,ili perc,3,2018-01-06,quantile,0.5,14.816790680944589
2017-12-16,HHS Region 6,ili perc,3,2018-01-06,quantile,0.55,15.484805910523754
2017-12-16,HHS Region 6,ili perc,3,2018-01-06,quantile,0.6,16.224825142014755
2017-12-16,HHS Region 6,ili perc,3,2018-01-06,quantile,0.65,16.972296604892605
2017-12-16,HHS Region 6,ili perc,3,2018-01-06,quantile,0.7,17.839326918519703
2017-12-16,HHS Region 6,ili perc,3,2018-01-06,quantile,0.75,18.93242679643529
2017-12-16,HHS Region 6,ili perc,3,2018-01-06,quantile,0.8,20.152496048896797
2017-12-16,HHS Region 6,ili perc,3,2018-01-06,quantile,0.85,21.584377443837298
2017-12-16,HHS Region 6,ili perc,3,2018-01-06,quantile,0.9,23.87484920866241
2017-12-16,HHS Region 6,ili perc,3,2018-01-06,quantile,0.95,27.933609816848648
2017-12-16,HHS Region 6,ili perc,3,2018-01-06,quantile,0.975,31.485935139842066
2017-12-16,HHS Region 6,ili perc,3,2018-01-06,quantile,0.99,34.467237605388
2017-12-16,HHS Region 6,ili perc,4,2018-01-13,quantile,0.01,6.134011657271586
2017-12-16,HHS Region 6,ili perc,4,2018-01-13,quantile,0.025,7.543695952060055
2017-12-16,HHS Region 6,ili perc,4,2018-01-13,quantile,0.05,8.684032979633036
2017-12-16,HHS Region 6,ili perc,4,2018-01-13,quantile,0.1,10.177827925265483
2017-12-16,HHS Region 6,ili perc,4,2018-01-13,quantile,0.15,11.513393814521166
2017-12-16,HHS Region 6,ili perc,4,2018-01-13,quantile,0.2,12.600044140135294
2017-12-16,HHS Region 6,ili perc,4,2018-01-13,quantile,0.25,13.500357459152562
2017-12-16,HHS Region 6,ili perc,4,2018-01-13,quantile,0.3,14.471038938024378
2017-12-16,HHS Region 6,ili perc,4,2018-01-13,quantile,0.35,15.405297382369977
2017-12-16,HHS Region 6,ili perc,4,2018-01-13,quantile,0.4,16.234340816373752
2017-12-16,HHS Region 6,ili perc,4,2018-01-13,quantile,0.45,17.159581445687397
2017-12-16,HHS Region 6,ili perc,4,2018-01-13,quantile,0.5,18.078384670317355
2017-12-16,HHS Region 6,ili perc,4,2018-01-13,quantile,0.55,19.11503507593387
2017-12-16,HHS Region 6,ili perc,4,2018-01-13,quantile,0.6,20.20137900905887
2017-12-16,HHS Region 6,ili perc,4,2018-01-13,quantile,0.65,21.50279898591442
2017-12-16,HHS Region 6,ili perc,4,2018-01-13,quantile,0.7,22.84875926267391
2017-12-16,HHS Region 6,ili perc,4,2018-01-13,quantile,0.75,24.32502940062439
2017-12-16,HHS Region 6,ili perc,4,2018-01-13,quantile,0.8,26.373685539330783
2017-12-16,HHS Region 6,ili perc,4,2018-01-13,quantile,0.85,28.810340258324754
2017-12-16,HHS Region 6,ili perc,4,2018-01-13,quantile,0.9,31.786034015937133
2017-12-16,HHS Region 6,ili perc,4,2018-01-13,quantile,0.95,37.92222764822387
2017-12-16,HHS Region 6,ili perc,4,2018-01-13,quantile,0.975,43.04679105196201
2017-12-16,HHS Region 6,ili perc,4,2018-01-13,quantile,0.99,48.87075796565657
2017-12-16,HHS Region 7,ili perc,1,2017-12-23,quantile,0.01,1.4124459494519879
2017-12-16,HHS Region 7,ili perc,1,2017-12-23,quantile,0.025,1.6175928340209353
2017-12-16,HHS Region 7,ili perc,1,2017-12-23,quantile,0.05,1.8229330235034498
2017-12-16,HHS Region 7,ili perc,1,2017-12-23,quantile,0.1,2.093526095860523
2017-12-16,HHS Region 7,ili perc,1,2017-12-23,quantile,0.15,2.2975025783375713
2017-12-16,HHS Region 7,ili perc,1,2017-12-23,quantile,0.2,2.447976733991651
2017-12-16,HHS Region 7,ili perc,1,2017-12-23,quantile,0.25,2.611949190303784
2017-12-16,HHS Region 7,ili perc,1,2017-12-23,quantile,0.3,2.7675071569502796
2017-12-16,HHS Region 7,ili perc,1,2017-12-23,quantile,0.35,2.9211960033689124
2017-12-16,HHS Region 7,ili perc,1,2017-12-23,quantile,0.4,3.055048941230322
2017-12-16,HHS Region 7,ili perc,1,2017-12-23,quantile,0.45,3.1830371863170073
2017-12-16,HHS Region 7,ili perc,1,2017-12-23,quantile,0.5,3.324195058798286
2017-12-16,HHS Region 7,ili perc,1,2017-12-23,quantile,0.55,3.5208142917448013
2017-12-16,HHS Region 7,ili perc,1,2017-12-23,quantile,0.6,3.673389525095799
2017-12-16,HHS Region 7,ili perc,1,2017-12-23,quantile,0.65,3.8631917776107083
2017-12-16,HHS Region 7,ili perc,1,2017-12-23,quantile,0.7,4.057332591684146
2017-12-16,HHS Region 7,ili perc,1,2017-12-23,quantile,0.75,4.302369544113757
2017-12-16,HHS Region 7,ili perc,1,2017-12-23,quantile,0.8,4.560516308046198
2017-12-16,HHS Region 7,ili perc,1,2017-12-23,quantile,0.85,4.932485939176783
2017-12-16,HHS Region 7,ili perc,1,2017-12-23,quantile,0.9,5.483310652398918
2017-12-16,HHS Region 7,ili perc,1,2017-12-23,quantile,0.95,6.170200240721738
2017-12-16,HHS Region 7,ili perc,1,2017-12-23,quantile,0.975,7.013526350680828
2017-12-16,HHS Region 7,ili perc,1,2017-12-23,quantile,0.99,8.0302138945176509
2017-12-16,HHS Region 7,ili perc,2,2017-12-30,quantile,0.01,1.255190849220277
2017-12-16,HHS Region 7,ili perc,2,2017-12-30,quantile,0.025,1.4527494726618655
2017-12-16,HHS Region 7,ili perc,2,2017-12-30,quantile,0.05,1.7398830039067188
2017-12-16,HHS Region 7,ili perc,2,2017-12-30,quantile,0.1,2.0278348387022502
2017-12-16,HHS Region 7,ili perc,2,2017-12-30,quantile,0.15,2.3306319530973885
2017-12-16,HHS Region 7,ili perc,2,2017-12-30,quantile,0.2,2.59039829168388
2017-12-16,HHS Region 7,ili perc,2,2017-12-30,quantile,0.25,2.8353909544171416
2017-12-16,HHS Region 7,ili perc,2,2017-12-30,quantile,0.3,3.058702468282151
2017-12-16,HHS Region 7,ili perc,2,2017-12-30,quantile,0.35,3.304983580341928
2017-12-16,HHS Region 7,ili perc,2,2017-12-30,quantile,0.4,3.5331219662178883
2017-12-16,HHS Region 7,ili perc,2,2017-12-30,quantile,0.45,3.79007544162638
2017-12-16,HHS Region 7,ili perc,2,2017-12-30,quantile,0.5,4.05252599231798
2017-12-16,HHS Region 7,ili perc,2,2017-12-30,quantile,0.55,4.327905244549977
2017-12-16,HHS Region 7,ili perc,2,2017-12-30,quantile,0.6,4.614916634125935
2017-12-16,HHS Region 7,ili perc,2,2017-12-30,quantile,0.65,4.9552211950501555
2017-12-16,HHS Region 7,ili perc,2,2017-12-30,quantile,0.7,5.321968214826637
2017-12-16,HHS Region 7,ili perc,2,2017-12-30,quantile,0.75,5.791137580381493
2017-12-16,HHS Region 7,ili perc,2,2017-12-30,quantile,0.8,6.318398082948251
2017-12-16,HHS Region 7,ili perc,2,2017-12-30,quantile,0.85,7.079189047283501
2017-12-16,HHS Region 7,ili perc,2,2017-12-30,quantile,0.9,7.9110343734124955
2017-12-16,HHS Region 7,ili perc,2,2017-12-30,quantile,0.95,9.30036805308855
2017-12-16,HHS Region 7,ili perc,2,2017-12-30,quantile,0.975,11.351904843082579
2017-12-16,HHS Region 7,ili perc,2,2017-12-30,quantile,0.99,13.510069141649655
2017-12-16,HHS Region 7,ili perc,3,2018-01-06,quantile,0.01,1.122845839664433
2017-12-16,HHS Region 7,ili perc,3,2018-01-06,quantile,0.025,1.382907026800262
2017-12-16,HHS Region 7,ili perc,3,2018-01-06,quantile,0.05,1.7213323513778862
2017-12-16,HHS Region 7,ili perc,3,2018-01-06,quantile,0.1,2.2077638692699315
2017-12-16,HHS Region 7,ili perc,3,2018-01-06,quantile,0.15,2.535796692976973
2017-12-16,HHS Region 7,ili perc,3,2018-01-06,quantile,0.2,2.8553572292945497
2017-12-16,HHS Region 7,ili perc,3,2018-01-06,quantile,0.25,3.1817467030422026
2017-12-16,HHS Region 7,ili perc,3,2018-01-06,quantile,0.3,3.4946063889560173
2017-12-16,HHS Region 7,ili perc,3,2018-01-06,quantile,0.35,3.8401361164489227
2017-12-16,HHS Region 7,ili perc,3,2018-01-06,quantile,0.4,4.169631301585401
2017-12-16,HHS Region 7,ili perc,3,2018-01-06,quantile,0.45,4.513211769920958
2017-12-16,HHS Region 7,ili perc,3,2018-01-06,quantile,0.5,4.858360429973593
2017-12-16,HHS Region 7,ili perc,3,2018-01-06,quantile,0.55,5.221771105804184
2017-12-16,HHS Region 7,ili perc,3,2018-01-06,quantile,0.6,5.647766658497442
2017-12-16,HHS Region 7,ili perc,3,2018-01-06,quantile,0.65,6.276384190023908
2017-12-16,HHS Region 7,ili perc,3,2018-01-06,quantile,0.7,6.814249347512556
2017-12-16,HHS Region 7,ili perc,3,2018-01-06,quantile,0.75,7.5414428013607555
2017-12-16,HHS Region 7,ili perc,3,2018-01-06,quantile,0.8,8.417937627049238
2017-12-16,HHS Region 7,ili perc,3,2018-01-06,quantile,0.85,9.534659392038712
2017-12-16,HHS Region 7,ili perc,3,2018-01-06,quantile,0.9,10.970320201024196
2017-12-16,HHS Region 7,ili perc,3,2018-01-06,quantile,0.95,14.044989425112506
2017-12-16,HHS Region 7,ili perc,3,2018-01-06,quantile,0.975,16.717231431960656
2017-12-16,HHS Region 7,ili perc,3,2018-01-06,quantile,0.99,21.526373244918464
2017-12-16,HHS Region 7,ili perc,4,2018-01-13,quantile,0.01,1.076444492592165
2017-12-16,HHS Region 7,ili perc,4,2018-01-13,quantile,0.025,1.3642186044352549
2017-12-16,HHS Region 7,ili perc,4,2018-01-13,quantile,0.05,1.749751200761903
2017-12-16,HHS Region 7,ili perc,4,2018-01-13,quantile,0.1,2.315406681467907
2017-12-16,HHS Region 7,ili perc,4,2018-01-13,quantile,0.15,2.726671969798111
2017-12-16,HHS Region 7,ili perc,4,2018-01-13,quantile,0.2,3.145935947434255
2017-12-16,HHS Region 7,ili perc,4,2018-01-13,quantile,0.25,3.606740803903911
2017-12-16,HHS Region 7,ili perc,4,2018-01-13,quantile,0.3,4.029705357582051
2017-12-16,HHS Region 7,ili perc,4,2018-01-13,quantile,0.35,4.520599354144187
2017-12-16,HHS Region 7,ili perc,4,2018-01-13,quantile,0.4,4.991331659417335
2017-12-16,HHS Region 7,ili perc,4,2018-01-13,quantile,0.45,5.416778971740056
2017-12-16,HHS Region 7,ili perc,4,2018-01-13,quantile,0.5,5.984908403138093
2017-12-16,HHS Region 7,ili perc,4,2018-01-13,quantile,0.55,6.53043283147992
2017-12-16,HHS Region 7,ili perc,4,2018-01-13,quantile,0.6,7.134992436861513
2017-12-16,HHS Region 7,ili perc,4,2018-01-13,quantile,0.65,7.859413119422771
2017-12-16,HHS Region 7,ili perc,4,2018-01-13,quantile,0.7,8.65482277068266
2017-12-16,HHS Region 7,ili perc,4,2018-01-13,quantile,0.75,9.723433617613807
2017-12-16,HHS Region 7,ili perc,4,2018-01-13,quantile,0.8,11.056352567741971
2017-12-16,HHS Region 7,ili perc,4,2018-01-13,quantile,0.85,12.709463494497431
2017-12-16,HHS Region 7,ili perc,4,2018-01-13,quantile,0.9,14.744820611413441
2017-12-16,HHS Region 7,ili perc,4,2018-01-13,quantile,0.95,19.538579029733775
2017-12-16,HHS Region 7,ili perc,4,2018-01-13,quantile,0.975,24.3383906173826
2017-12-16,HHS Region 7,ili perc,4,2018-01-13,quantile,0.99,32.93466994094289
2017-12-16,HHS Region 8,ili perc,1,2017-12-23,quantile,0.01,0.6468549389895868
2017-12-16,HHS Region 8,ili perc,1,2017-12-23,quantile,0.025,0.748536239781693
2017-12-16,HHS Region 8,ili perc,1,2017-12-23,quantile,0.05,0.8299437475552003
2017-12-16,HHS Region 8,ili perc,1,2017-12-23,quantile,0.1,0.9361339470388557
2017-12-16,HHS Region 8,ili perc,1,2017-12-23,quantile,0.15,1.0208310584478602
2017-12-16,HHS Region 8,ili perc,1,2017-12-23,quantile,0.2,1.094713736474404
2017-12-16,HHS Region 8,ili perc,1,2017-12-23,quantile,0.25,1.1634095004202796
2017-12-16,HHS Region 8,ili perc,1,2017-12-23,quantile,0.3,1.2258412687038465
2017-12-16,HHS Region 8,ili perc,1,2017-12-23,quantile,0.35,1.2935803178995537
2017-12-16,HHS Region 8,ili perc,1,2017-12-23,quantile,0.4,1.3524597391680055
2017-12-16,HHS Region 8,ili perc,1,2017-12-23,quantile,0.45,1.4181510924865461
2017-12-16,HHS Region 8,ili perc,1,2017-12-23,quantile,0.5,1.4807988588834646
2017-12-16,HHS Region 8,ili perc,1,2017-12-23,quantile,0.55,1.5525360832520527
2017-12-16,HHS Region 8,ili perc,1,2017-12-23,quantile,0.6,1.6302822738432452
2017-12-16,HHS Region 8,ili perc,1,2017-12-23,quantile,0.65,1.7098217351704805
2017-12-16,HHS Region 8,ili perc,1,2017-12-23,quantile,0.7,1.7992082290702556
2017-12-16,HHS Region 8,ili perc,1,2017-12-23,quantile,0.75,1.9102228612114824
2017-12-16,HHS Region 8,ili perc,1,2017-12-23,quantile,0.8,2.0345169572608044
2017-12-16,HHS Region 8,ili perc,1,2017-12-23,quantile,0.85,2.1661774668478153
2017-12-16,HHS Region 8,ili perc,1,2017-12-23,quantile,0.9,2.341774539265479
2017-12-16,HHS Region 8,ili perc,1,2017-12-23,quantile,0.95,2.6840097665234524
2017-12-16,HHS Region 8,ili perc,1,2017-12-23,quantile,0.975,3.0075301463926687
2017-12-16,HHS Region 8,ili perc,1,2017-12-23,quantile,0.99,3.2833486618931476
2017-12-16,HHS Region 8,ili perc,2,2017-12-30,quantile,0.01,0.5248501598701466
2017-12-16,HHS Region 8,ili perc,2,2017-12-30,quantile,0.025,0.624773688918761
2017-12-16,HHS Region 8,ili perc,2,2017-12-30,quantile,0.05,0.7389684047917551
2017-12-16,HHS Region 8,ili perc,2,2017-12-30,quantile,0.1,0.8691752899455955
2017-12-16,HHS Region 8,ili perc,2,2017-12-30,quantile,0.15,0.9757282742461726
2017-12-16,HHS Region 8,ili perc,2,2017-12-30,quantile,0.2,1.0951014498395737
2017-12-16,HHS Region 8,ili perc,2,2017-12-30,quantile,0.25,1.191087649793133
2017-12-16,HHS Region 8,ili perc,2,2017-12-30,quantile,0.3,1.2794465112306759
2017-12-16,HHS Region 8,ili perc,2,2017-12-30,quantile,0.35,1.3733318754549926
2017-12-16,HHS Region 8,ili perc,2,2017-12-30,quantile,0.4,1.4602778418450355
2017-12-16,HHS Region 8,ili perc,2,2017-12-30,quantile,0.45,1.553309765222646
2017-12-16,HHS Region 8,ili perc,2,2017-12-30,quantile,0.5,1.6475734111325422
2017-12-16,HHS Region 8,ili perc,2,2017-12-30,quantile,0.55,1.7669861612102782
2017-12-16,HHS Region 8,ili perc,2,2017-12-30,quantile,0.6,1.9148305164994242
2017-12-16,HHS Region 8,ili perc,2,2017-12-30,quantile,0.65,2.0455078885688276
2017-12-16,HHS Region 8,ili perc,2,2017-12-30,quantile,0.7,2.222288500625581
2017-12-16,HHS Region 8,ili perc,2,2017-12-30,quantile,0.75,2.409149256830437
2017-12-16,HHS Region 8,ili perc,2,2017-12-30,quantile,0.8,2.624633485949506
2017-12-16,HHS Region 8,ili perc,2,2017-12-30,quantile,0.85,2.9303070134087044
2017-12-16,HHS Region 8,ili perc,2,2017-12-30,quantile,0.9,3.346708992725801
2017-12-16,HHS Region 8,ili perc,2,2017-12-30,quantile,0.95,3.9653770853815775
2017-12-16,HHS Region 8,ili perc,2,2017-12-30,quantile,0.975,4.744934457493727
2017-12-16,HHS Region 8,ili perc,2,2017-12-30,quantile,0.99,5.920244882141197
2017-12-16,HHS Region 8,ili perc,3,2018-01-06,quantile,0.01,0.49393078571427856
2017-12-16,HHS Region 8,ili perc,3,2018-01-06,quantile,0.025,0.5755147669997941
2017-12-16,HHS Region 8,ili perc,3,2018-01-06,quantile,0.05,0.6949854474829464
2017-12-16,HHS Region 8,ili perc,3,2018-01-06,quantile,0.1,0.8530932198198473
2017-12-16,HHS Region 8,ili perc,3,2018-01-06,quantile,0.15,1.0007786605414508
2017-12-16,HHS Region 8,ili perc,3,2018-01-06,quantile,0.2,1.1020699146892332
2017-12-16,HHS Region 8,ili perc,3,2018-01-06,quantile,0.25,1.2116762117980702
2017-12-16,HHS Region 8,ili perc,3,2018-01-06,quantile,0.3,1.3202776545583566
2017-12-16,HHS Region 8,ili perc,3,2018-01-06,quantile,0.35,1.4515160903300504
2017-12-16,HHS Region 8,ili perc,3,2018-01-06,quantile,0.4,1.5742309710857723
2017-12-16,HHS Region 8,ili perc,3,2018-01-06,quantile,0.45,1.7397996787689571
2017-12-16,HHS Region 8,ili perc,3,2018-01-06,quantile,0.5,1.898342148138981
2017-12-16,HHS Region 8,ili perc,3,2018-01-06,quantile,0.55,2.0427368967035058
2017-12-16,HHS Region 8,ili perc,3,2018-01-06,quantile,0.6,2.210087866726365
2017-12-16,HHS Region 8,ili perc,3,2018-01-06,quantile,0.65,2.4119878653237787
2017-12-16,HHS Region 8,ili perc,3,2018-01-06,quantile,0.7,2.6614251836231912
2017-12-16,HHS Region 8,ili perc,3,2018-01-06,quantile,0.75,2.913105679393036
2017-12-16,HHS Region 8,ili perc,3,2018-01-06,quantile,0.8,3.217748362460514
2017-12-16,HHS Region 8,ili perc,3,2018-01-06,quantile,0.85,3.627225317920355
2017-12-16,HHS Region 8,ili perc,3,2018-01-06,quantile,0.9,4.401551156687524
2017-12-16,HHS Region 8,ili perc,3,2018-01-06,quantile,0.95,5.568648607818647
2017-12-16,HHS Region 8,ili perc,3,2018-01-06,quantile,0.975,6.847838242830725
2017-12-16,HHS Region 8,ili perc,3,2018-01-06,quantile,0.99,8.46974594709877
2017-12-16,HHS Region 8,ili perc,4,2018-01-13,quantile,0.01,0.443378326660971
2017-12-16,HHS Region 8,ili perc,4,2018-01-13,quantile,0.025,0.5512170157785838
2017-12-16,HHS Region 8,ili perc,4,2018-01-13,quantile,0.05,0.6860068889860371
2017-12-16,HHS Region 8,ili perc,4,2018-01-13,quantile,0.1,0.8704461030741049
2017-12-16,HHS Region 8,ili perc,4,2018-01-13,quantile,0.15,1.0382745302512342
2017-12-16,HHS Region 8,ili perc,4,2018-01-13,quantile,0.2,1.156028908134155
2017-12-16,HHS Region 8,ili perc,4,2018-01-13,quantile,0.25,1.3030386441175692
2017-12-16,HHS Region 8,ili perc,4,2018-01-13,quantile,0.3,1.4313053649507985
2017-12-16,HHS Region 8,ili perc,4,2018-01-13,quantile,0.35,1.6065151840162435
2017-12-16,HHS Region 8,ili perc,4,2018-01-13,quantile,0.4,1.786970931157989
2017-12-16,HHS Region 8,ili perc,4,2018-01-13,quantile,0.45,1.947688378909401
2017-12-16,HHS Region 8,ili perc,4,2018-01-13,quantile,0.5,2.1233546592040278
2017-12-16,HHS Region 8,ili perc,4,2018-01-13,quantile,0.55,2.3610016224316253
2017-12-16,HHS Region 8,ili perc,4,2018-01-13,quantile,0.6,2.605548063072246
2017-12-16,HHS Region 8,ili perc,4,2018-01-13,quantile,0.65,2.8993974924272763
2017-12-16,HHS Region 8,ili perc,4,2018-01-13,quantile,0.7,3.2006711758453616
2017-12-16,HHS Region 8,ili perc,4,2018-01-13,quantile,0.75,3.5488438319464435
2017-12-16,HHS Region 8,ili perc,4,2018-01-13,quantile,0.8,3.9944503242026417
2017-12-16,HHS Region 8,ili perc,4,2018-01-13,quantile,0.85,4.537329425883651
2017-12-16,HHS Region 8,ili perc,4,2018-01-13,quantile,0.9,5.416107236627585
2017-12-16,HHS Region 8,ili perc,4,2018-01-13,quantile,0.95,7.318268623961993
2017-12-16,HHS Region 8,ili perc,4,2018-01-13,quantile,0.975,9.210271865368231
2017-12-16,HHS Region 8,ili perc,4,2018-01-13,quantile,0.99,12.089763441482486
2017-12-16,HHS Region 9,ili perc,1,2017-12-23,quantile,0.01,2.475244289489917
2017-12-16,HHS Region 9,ili perc,1,2017-12-23,quantile,0.025,2.619162370381386
2017-12-16,HHS Region 9,ili perc,1,2017-12-23,quantile,0.05,2.791573807407919
2017-12-16,HHS Region 9,ili perc,1,2017-12-23,quantile,0.1,3.087230720186396
2017-12-16,HHS Region 9,ili perc,1,2017-12-23,quantile,0.15,3.255763222403268
2017-12-16,HHS Region 9,ili perc,1,2017-12-23,quantile,0.2,3.4080992325031336
2017-12-16,HHS Region 9,ili perc,1,2017-12-23,quantile,0.25,3.5387402431486628
2017-12-16,HHS Region 9,ili perc,1,2017-12-23,quantile,0.3,3.6544863465159345
2017-12-16,HHS Region 9,ili perc,1,2017-12-23,quantile,0.35,3.768981715009633
2017-12-16,HHS Region 9,ili perc,1,2017-12-23,quantile,0.4,3.880049980768458
2017-12-16,HHS Region 9,ili perc,1,2017-12-23,quantile,0.45,3.9981457928487987
2017-12-16,HHS Region 9,ili perc,1,2017-12-23,quantile,0.5,4.110728958355886
2017-12-16,HHS Region 9,ili perc,1,2017-12-23,quantile,0.55,4.253657564023689
2017-12-16,HHS Region 9,ili perc,1,2017-12-23,quantile,0.6,4.386455739563623
2017-12-16,HHS Region 9,ili perc,1,2017-12-23,quantile,0.65,4.516252390270838
2017-12-16,HHS Region 9,ili perc,1,2017-12-23,quantile,0.7,4.668807683493203
2017-12-16,HHS Region 9,ili perc,1,2017-12-23,quantile,0.75,4.848255490368928
2017-12-16,HHS Region 9,ili perc,1,2017-12-23,quantile,0.8,5.048964875756129
2017-12-16,HHS Region 9,ili perc,1,2017-12-23,quantile,0.85,5.3118048256094035
2017-12-16,HHS Region 9,ili perc,1,2017-12-23,quantile,0.9,5.622394857953876
2017-12-16,HHS Region 9,ili perc,1,2017-12-23,quantile,0.95,6.1402296196568695
2017-12-16,HHS Region 9,ili perc,1,2017-12-23,quantile,0.975,6.665130336976915
2017-12-16,HHS Region 9,ili perc,1,2017-12-23,quantile,0.99,7.205915243232171
2017-12-16,HHS Region 9,ili perc,2,2017-12-30,quantile,0.01,2.320096104111069
2017-12-16,HHS Region 9,ili perc,2,2017-12-30,quantile,0.025,2.5658762434010542
2017-12-16,HHS Region 9,ili perc,2,2017-12-30,quantile,0.05,2.789245165433277
2017-12-16,HHS Region 9,ili perc,2,2017-12-30,quantile,0.1,3.114077756746847
2017-12-16,HHS Region 9,ili perc,2,2017-12-30,quantile,0.15,3.4058696858603685
2017-12-16,HHS Region 9,ili perc,2,2017-12-30,quantile,0.2,3.59169233169365
2017-12-16,HHS Region 9,ili perc,2,2017-12-30,quantile,0.25,3.8018291674064324
2017-12-16,HHS Region 9,ili perc,2,2017-12-30,quantile,0.3,4.004277865317799
2017-12-16,HHS Region 9,ili perc,2,2017-12-30,quantile,0.35,4.2112441262473315
2017-12-16,HHS Region 9,ili perc,2,2017-12-30,quantile,0.4,4.409402026483615
2017-12-16,HHS Region 9,ili perc,2,2017-12-30,quantile,0.45,4.610396003758014
2017-12-16,HHS Region 9,ili perc,2,2017-12-30,quantile,0.5,4.820473770336795
2017-12-16,HHS Region 9,ili perc,2,2017-12-30,quantile,0.55,5.027066851994853
2017-12-16,HHS Region 9,ili perc,2,2017-12-30,quantile,0.6,5.253251197331613
2017-12-16,HHS Region 9,ili perc,2,2017-12-30,quantile,0.65,5.472167722909888
2017-12-16,HHS Region 9,ili perc,2,2017-12-30,quantile,0.7,5.737551926868543
2017-12-16,HHS Region 9,ili perc,2,2017-12-30,quantile,0.75,6.066334602509652
2017-12-16,HHS Region 9,ili perc,2,2017-12-30,quantile,0.8,6.398616608054922
2017-12-16,HHS Region 9,ili perc,2,2017-12-30,quantile,0.85,6.796584037980418
2017-12-16,HHS Region 9,ili perc,2,2017-12-30,quantile,0.9,7.457477138445703
2017-12-16,HHS Region 9,ili perc,2,2017-12-30,quantile,0.95,8.383980352498066
2017-12-16,HHS Region 9,ili perc,2,2017-12-30,quantile,0.975,9.286055713016138
2017-12-16,HHS Region 9,ili perc,2,2017-12-30,quantile,0.99,10.544698534614412
2017-12-16,HHS Region 9,ili perc,3,2018-01-06,quantile,0.01,2.3254056799966905
2017-12-16,HHS Region 9,ili perc,3,2018-01-06,quantile,0.025,2.5639837428002976
2017-12-16,HHS Region 9,ili perc,3,2018-01-06,quantile,0.05,2.8287783480025905
2017-12-16,HHS Region 9,ili perc,3,2018-01-06,quantile,0.1,3.2861568452463796
2017-12-16,HHS Region 9,ili perc,3,2018-01-06,quantile,0.15,3.570187159974206
2017-12-16,HHS Region 9,ili perc,3,2018-01-06,quantile,0.2,3.8995993196993695
2017-12-16,HHS Region 9,ili perc,3,2018-01-06,quantile,0.25,4.184477118978123
2017-12-16,HHS Region 9,ili perc,3,2018-01-06,quantile,0.3,4.455820927198578
2017-12-16,HHS Region 9,ili perc,3,2018-01-06,quantile,0.35,4.736014938444788
2017-12-16,HHS Region 9,ili perc,3,2018-01-06,quantile,0.4,5.014774213556695
2017-12-16,HHS Region 9,ili perc,3,2018-01-06,quantile,0.45,5.31469602400367
2017-12-16,HHS Region 9,ili perc,3,2018-01-06,quantile,0.5,5.583863204822887
2017-12-16,HHS Region 9,ili perc,3,2018-01-06,quantile,0.55,5.943814861460318
2017-12-16,HHS Region 9,ili perc,3,2018-01-06,quantile,0.6,6.254806870494551
2017-12-16,HHS Region 9,ili perc,3,2018-01-06,quantile,0.65,6.607366411177602
2017-12-16,HHS Region 9,ili perc,3,2018-01-06,quantile,0.7,6.98358170470001
2017-12-16,HHS Region 9,ili perc,3,2018-01-06,quantile,0.75,7.4159695421630065
2017-12-16,HHS Region 9,ili perc,3,2018-01-06,quantile,0.8,7.983931540051799
2017-12-16,HHS Region 9,ili perc,3,2018-01-06,quantile,0.85,8.687336976283094
2017-12-16,HHS Region 9,ili perc,3,2018-01-06,quantile,0.9,9.537778298068494
2017-12-16,HHS Region 9,ili perc,3,2018-01-06,quantile,0.95,11.054727010633979
2017-12-16,HHS Region 9,ili perc,3,2018-01-06,quantile,0.975,12.282718651964558
2017-12-16,HHS Region 9,ili perc,3,2018-01-06,quantile,0.99,14.554088563657263
2017-12-16,HHS Region 9,ili perc,4,2018-01-13,quantile,0.01,2.282507338780853
2017-12-16,HHS Region 9,ili perc,4,2018-01-13,quantile,0.025,2.648464316980991
2017-12-16,HHS Region 9,ili perc,4,2018-01-13,quantile,0.05,2.9469429883344325
2017-12-16,HHS Region 9,ili perc,4,2018-01-13,quantile,0.1,3.5183745799978783
2017-12-16,HHS Region 9,ili perc,4,2018-01-13,quantile,0.15,3.9892966278981925
2017-12-16,HHS Region 9,ili perc,4,2018-01-13,quantile,0.2,4.353617472677495
2017-12-16,HHS Region 9,ili perc,4,2018-01-13,quantile,0.25,4.676376332725184
2017-12-16,HHS Region 9,ili perc,4,2018-01-13,quantile,0.3,5.067900169708119
2017-12-16,HHS Region 9,ili perc,4,2018-01-13,quantile,0.35,5.4228266780793515
2017-12-16,HHS Region 9,ili perc,4,2018-01-13,quantile,0.4,5.760940729354541
2017-12-16,HHS Region 9,ili perc,4,2018-01-13,quantile,0.45,6.12393062438022
2017-12-16,HHS Region 9,ili perc,4,2018-01-13,quantile,0.5,6.495897887656822
2017-12-16,HHS Region 9,ili perc,4,2018-01-13,quantile,0.55,6.873239454588638
2017-12-16,HHS Region 9,ili perc,4,2018-01-13,quantile,0.6,7.324386039478362
2017-12-16,HHS Region 9,ili perc,4,2018-01-13,quantile,0.65,7.924672468544075
2017-12-16,HHS Region 9,ili perc,4,2018-01-13,quantile,0.7,8.599260521479133
2017-12-16,HHS Region 9,ili perc,4,2018-01-13,quantile,0.75,9.262042961475148
2017-12-16,HHS Region 9,ili perc,4,2018-01-13,quantile,0.8,9.951522756648478
2017-12-16,HHS Region 9,ili perc,4,2018-01-13,quantile,0.85,10.885128201552124
2017-12-16,HHS Region 9,ili perc,4,2018-01-13,quantile,0.9,12.207551866567046
2017-12-16,HHS Region 9,ili perc,4,2018-01-13,quantile,0.95,14.476680941953692
2017-12-16,HHS Region 9,ili perc,4,2018-01-13,quantile,0.975,16.35060496308242
2017-12-16,HHS Region 9,ili perc,4,2018-01-13,quantile,0.99,19.07649223690192
2017-12-16,US National,ili perc,1,2017-12-23,quantile,0.01,2.845276075265337
2017-12-16,US National,ili perc,1,2017-12-23,quantile,0.025,2.9873050884444816
2017-12-16,US National,ili perc,1,2017-12-23,quantile,0.05,3.09432799492985
2017-12-16,US National,ili perc,1,2017-12-23,quantile,0.1,3.267087153504937
2017-12-16,US National,ili perc,1,2017-12-23,quantile,0.15,3.363570234416537
2017-12-16,US National,ili perc,1,2017-12-23,quantile,0.2,3.4569955144459037
2017-12-16,US National,ili perc,1,2017-12-23,quantile,0.25,3.534181132439114
2017-12-16,US National,ili perc,1,2017-12-23,quantile,0.3,3.6040709918869567
2017-12-16,US National,ili perc,1,2017-12-23,quantile,0.35,3.680299769081748
2017-12-16,US National,ili perc,1,2017-12-23,quantile,0.4,3.7393363763931347
2017-12-16,US National,ili perc,1,2017-12-23,quantile,0.45,3.7933083607441125
2017-12-16,US National,ili perc,1,2017-12-23,quantile,0.5,3.853920368200707
2017-12-16,US National,ili perc,1,2017-12-23,quantile,0.55,3.9086446795932854
2017-12-16,US National,ili perc,1,2017-12-23,quantile,0.6,3.978966143452897
2017-12-16,US National,ili perc,1,2017-12-23,quantile,0.65,4.050654973393905
2017-12-16,US National,ili perc,1,2017-12-23,quantile,0.7,4.126010256138057
2017-12-16,US National,ili perc,1,2017-12-23,quantile,0.75,4.197094646639767
2017-12-16,US National,ili perc,1,2017-12-23,quantile,0.8,4.287149916382994
2017-12-16,US National,ili perc,1,2017-12-23,quantile,0.85,4.38957303064667
2017-12-16,US National,ili perc,1,2017-12-23,quantile,0.9,4.546349740278131
2017-12-16,US National,ili perc,1,2017-12-23,quantile,0.95,4.760271178252489
2017-12-16,US National,ili perc,1,2017-12-23,quantile,0.975,4.92950061154241
2017-12-16,US National,ili perc,1,2017-12-23,quantile,0.99,5.140136550817543
2017-12-16,US National,ili perc,2,2017-12-30,quantile,0.01,2.898958988288238
2017-12-16,US National,ili perc,2,2017-12-30,quantile,0.025,3.1016692221938005
2017-12-16,US National,ili perc,2,2017-12-30,quantile,0.05,3.268809911949586
2017-12-16,US National,ili perc,2,2017-12-30,quantile,0.1,3.469309723550589
2017-12-16,US National,ili perc,2,2017-12-30,quantile,0.15,3.612647897962918
2017-12-16,US National,ili perc,2,2017-12-30,quantile,0.2,3.754942400432181
2017-12-16,US National,ili perc,2,2017-12-30,quantile,0.25,3.875854832617308
2017-12-16,US National,ili perc,2,2017-12-30,quantile,0.3,3.9815167899349424
2017-12-16,US National,ili perc,2,2017-12-30,quantile,0.35,4.082528127874776
2017-12-16,US National,ili perc,2,2017-12-30,quantile,0.4,4.183017855532784
2017-12-16,US National,ili perc,2,2017-12-30,quantile,0.45,4.2897848947160915
2017-12-16,US National,ili perc,2,2017-12-30,quantile,0.5,4.383000055058089
2017-12-16,US National,ili perc,2,2017-12-30,quantile,0.55,4.473657006433912
2017-12-16,US National,ili perc,2,2017-12-30,quantile,0.6,4.587767524480318
2017-12-16,US National,ili perc,2,2017-12-30,quantile,0.65,4.713416981760577
2017-12-16,US National,ili perc,2,2017-12-30,quantile,0.7,4.843239159712182
2017-12-16,US National,ili perc,2,2017-12-30,quantile,0.75,4.968646079371458
2017-12-16,US National,ili perc,2,2017-12-30,quantile,0.8,5.115597911844428
2017-12-16,US National,ili perc,2,2017-12-30,quantile,0.85,5.294804122810992
2017-12-16,US National,ili perc,2,2017-12-30,quantile,0.9,5.555280062330644
2017-12-16,US National,ili perc,2,2017-12-30,quantile,0.95,5.922716727791488
2017-12-16,US National,ili perc,2,2017-12-30,quantile,0.975,6.253029939611369
2017-12-16,US National,ili perc,2,2017-12-30,quantile,0.99,6.640798542919012
2017-12-16,US National,ili perc,3,2018-01-06,quantile,0.01,3.014066502839492
2017-12-16,US National,ili perc,3,2018-01-06,quantile,0.025,3.2511980184824965
2017-12-16,US National,ili perc,3,2018-01-06,quantile,0.05,3.4820264709876394
2017-12-16,US National,ili perc,3,2018-01-06,quantile,0.1,3.7418625327255555
2017-12-16,US National,ili perc,3,2018-01-06,quantile,0.15,3.985642546955604
2017-12-16,US National,ili perc,3,2018-01-06,quantile,0.2,4.168556309619636
2017-12-16,US National,ili perc,3,2018-01-06,quantile,0.25,4.332962651468743
2017-12-16,US National,ili perc,3,2018-01-06,quantile,0.3,4.46582946876056
2017-12-16,US National,ili perc,3,2018-01-06,quantile,0.35,4.599008688974301
2017-12-16,US National,ili perc,3,2018-01-06,quantile,0.4,4.716804665813582
2017-12-16,US National,ili perc,3,2018-01-06,quantile,0.45,4.849382923205588
2017-12-16,US National,ili perc,3,2018-01-06,quantile,0.5,4.992868154393888
2017-12-16,US National,ili perc,3,2018-01-06,quantile,0.55,5.140030908550926
2017-12-16,US National,ili perc,3,2018-01-06,quantile,0.6,5.285496254984382
2017-12-16,US National,ili perc,3,2018-01-06,quantile,0.65,5.4186496024826685
2017-12-16,US National,ili perc,3,2018-01-06,quantile,0.7,5.567939102038474
2017-12-16,US National,ili perc,3,2018-01-06,quantile,0.75,5.802449842166116
2017-12-16,US National,ili perc,3,2018-01-06,quantile,0.8,6.049175265499764
2017-12-16,US National,ili perc,3,2018-01-06,quantile,0.85,6.335698807140707
2017-12-16,US National,ili perc,3,2018-01-06,quantile,0.9,6.715919382927903
2017-12-16,US National,ili perc,3,2018-01-06,quantile,0.95,7.376139748949864
2017-12-16,US National,ili perc,3,2018-01-06,quantile,0.975,7.870114284035385
2017-12-16,US National,ili perc,3,2018-01-06,quantile,0.99,8.614581164808962
2017-12-16,US National,ili perc,4,2018-01-13,quantile,0.01,3.182305498058363
2017-12-16,US National,ili perc,4,2018-01-13,quantile,0.025,3.478087862550889
2017-12-16,US National,ili perc,4,2018-01-13,quantile,0.05,3.719757613345414
2017-12-16,US National,ili perc,4,2018-01-13,quantile,0.1,4.091352834100751
2017-12-16,US National,ili perc,4,2018-01-13,quantile,0.15,4.373943418462047
2017-12-16,US National,ili perc,4,2018-01-13,quantile,0.2,4.604119310908764
2017-12-16,US National,ili perc,4,2018-01-13,quantile,0.25,4.8368241810412025
2017-12-16,US National,ili perc,4,2018-01-13,quantile,0.3,5.015147903398972
2017-12-16,US National,ili perc,4,2018-01-13,quantile,0.35,5.180358497689322
2017-12-16,US National,ili perc,4,2018-01-13,quantile,0.4,5.376791182122946
2017-12-16,US National,ili perc,4,2018-01-13,quantile,0.45,5.529670477260624
2017-12-16,US National,ili perc,4,2018-01-13,quantile,0.5,5.699778250766139
2017-12-16,US National,ili perc,4,2018-01-13,quantile,0.55,5.895876428415539
2017-12-16,US National,ili perc,4,2018-01-13,quantile,0.6,6.0938661216941625
2017-12-16,US National,ili perc,4,2018-01-13,quantile,0.65,6.310266321474593
2017-12-16,US National,ili perc,4,2018-01-13,quantile,0.7,6.540085828631394
2017-12-16,US National,ili perc,4,2018-01-13,quantile,0.75,6.830384559697196
2017-12-16,US National,ili perc,4,2018-01-13,quantile,0.8,7.139399216918771
2017-12-16,US National,ili perc,4,2018-01-13,quantile,0.85,7.482281846879142
2017-12-16,US National,ili perc,4,2018-01-13,quantile,0.9,7.9913929078762385
2017-12-16,US National,ili perc,4,2018-01-13,quantile,0.95,8.816648100736463
2017-12-16,US National,ili perc,4,2018-01-13,quantile,0.975,9.746990176910417
2017-12-16,US National,ili perc,4,2018-01-13,quantile,0.99,10.86772151998118
